-- phpMyAdmin SQL Dump
-- version 4.8.3
-- https://www.phpmyadmin.net/
--
-- Хост: 127.0.0.1:3306
-- Время создания: Май 27 2019 г., 07:29
-- Версия сервера: 5.6.41
-- Версия PHP: 7.2.10

SET SQL_MODE = "NO_AUTO_VALUE_ON_ZERO";
SET AUTOCOMMIT = 0;
START TRANSACTION;
SET time_zone = "+00:00";


/*!40101 SET @OLD_CHARACTER_SET_CLIENT=@@CHARACTER_SET_CLIENT */;
/*!40101 SET @OLD_CHARACTER_SET_RESULTS=@@CHARACTER_SET_RESULTS */;
/*!40101 SET @OLD_COLLATION_CONNECTION=@@COLLATION_CONNECTION */;
/*!40101 SET NAMES utf8mb4 */;

--
-- База данных: `a0086640_zummer`
--

-- --------------------------------------------------------

--
-- Структура таблицы `auth_assignment`
--

CREATE TABLE `auth_assignment` (
  `item_name` varchar(64) COLLATE utf8_unicode_ci NOT NULL,
  `user_id` varchar(64) COLLATE utf8_unicode_ci NOT NULL,
  `created_at` int(11) DEFAULT NULL
) ENGINE=InnoDB DEFAULT CHARSET=utf8 COLLATE=utf8_unicode_ci;

--
-- Дамп данных таблицы `auth_assignment`
--

INSERT INTO `auth_assignment` (`item_name`, `user_id`, `created_at`) VALUES
('admin', '1', 1558845745),
('developer', '1', 1558845745),
('developer', '2', 1558846836);

-- --------------------------------------------------------

--
-- Структура таблицы `auth_item`
--

CREATE TABLE `auth_item` (
  `name` varchar(64) COLLATE utf8_unicode_ci NOT NULL,
  `type` smallint(6) NOT NULL,
  `description` text COLLATE utf8_unicode_ci,
  `rule_name` varchar(64) COLLATE utf8_unicode_ci DEFAULT NULL,
  `data` blob,
  `created_at` int(11) DEFAULT NULL,
  `updated_at` int(11) DEFAULT NULL
) ENGINE=InnoDB DEFAULT CHARSET=utf8 COLLATE=utf8_unicode_ci;

--
-- Дамп данных таблицы `auth_item`
--

INSERT INTO `auth_item` (`name`, `type`, `description`, `rule_name`, `data`, `created_at`, `updated_at`) VALUES
('admin', 1, NULL, NULL, NULL, 1558845745, 1558845745),
('createProgram', 2, 'Create a program', NULL, NULL, 1558845745, 1558845745),
('developer', 1, NULL, NULL, NULL, 1558845745, 1558845745),
('updateProgram', 2, 'Update program', NULL, NULL, 1558845745, 1558845745);

-- --------------------------------------------------------

--
-- Структура таблицы `auth_item_child`
--

CREATE TABLE `auth_item_child` (
  `parent` varchar(64) COLLATE utf8_unicode_ci NOT NULL,
  `child` varchar(64) COLLATE utf8_unicode_ci NOT NULL
) ENGINE=InnoDB DEFAULT CHARSET=utf8 COLLATE=utf8_unicode_ci;

--
-- Дамп данных таблицы `auth_item_child`
--

INSERT INTO `auth_item_child` (`parent`, `child`) VALUES
('developer', 'createProgram'),
('admin', 'developer'),
('admin', 'updateProgram');

-- --------------------------------------------------------

--
-- Структура таблицы `auth_rule`
--

CREATE TABLE `auth_rule` (
  `name` varchar(64) COLLATE utf8_unicode_ci NOT NULL,
  `data` blob,
  `created_at` int(11) DEFAULT NULL,
  `updated_at` int(11) DEFAULT NULL
) ENGINE=InnoDB DEFAULT CHARSET=utf8 COLLATE=utf8_unicode_ci;

-- --------------------------------------------------------

--
-- Структура таблицы `categories`
--

CREATE TABLE `categories` (
  `id` int(5) NOT NULL,
  `name` char(150) NOT NULL,
  `description` text
) ENGINE=InnoDB DEFAULT CHARSET=utf8;

--
-- Дамп данных таблицы `categories`
--

INSERT INTO `categories` (`id`, `name`, `description`) VALUES
(143, 'Yazmin Yundt', 'Qui ipsa ipsum id. Ea provident et eveniet quia aut laboriosam. Voluptate et quaerat dolorem occaecati. Exercitationem sed dolorem corrupti.'),
(144, 'Kayla Nienow', 'Quis totam earum vitae accusamus. Fuga blanditiis deleniti magni sint expedita. Non ipsam labore ut consequuntur.'),
(145, 'Samanta Schulist', 'Suscipit odit corporis quo corporis expedita harum. Quasi iste excepturi dolor aut. Dolores mollitia sit laboriosam aspernatur. Maiores id sit quia.'),
(146, 'Merritt Hayes Sr.', 'Fuga omnis maiores temporibus. Rerum molestiae corrupti impedit ut laudantium aut animi. Doloremque eligendi voluptatem sunt non nemo rerum. Veritatis minus sit est et quia et.'),
(147, 'Mrs. Sasha Rippin MD', 'Qui voluptas amet optio dolores aut iusto. Nulla est itaque ab molestiae et. Sit eum veniam est deleniti mollitia quaerat.'),
(148, 'Geo Okuneva DDS', 'Voluptas corrupti ad perferendis. Beatae officia quo at cumque dolor. Ipsam nihil unde quia. Temporibus ducimus quia officia.'),
(149, 'Miss Ara Roob III', 'Unde voluptatem doloremque ea id possimus quia. Voluptatem quia est placeat sed suscipit ullam. Excepturi molestiae nihil maxime qui consequatur qui.'),
(150, 'Louie Hackett', 'Omnis quibusdam quidem qui explicabo repellendus ratione. Numquam ex vitae cumque accusantium.'),
(151, 'Jed Mohr Jr.', 'Est et illo repellendus. Autem quis quae nostrum. Ab sed consequatur dolores et. Reiciendis enim eum corrupti tempore dolor consequatur nobis.'),
(152, 'Mrs. Catherine Balistreri III', 'Qui cupiditate optio alias maxime. Libero sed modi molestiae et perspiciatis sed ratione non. Fugit et beatae cupiditate ab. Fugit illum ex non culpa molestiae ut.');

-- --------------------------------------------------------

--
-- Структура таблицы `developers`
--

CREATE TABLE `developers` (
  `id` int(6) NOT NULL,
  `name` varchar(256) COLLATE utf8_unicode_ci NOT NULL,
  `site` varchar(256) COLLATE utf8_unicode_ci NOT NULL,
  `description` text COLLATE utf8_unicode_ci NOT NULL,
  `country` varchar(150) COLLATE utf8_unicode_ci NOT NULL,
  `foundation_year` int(11) NOT NULL,
  `user_id` int(11) NOT NULL,
  `verification_token` varchar(255) COLLATE utf8_unicode_ci DEFAULT NULL
) ENGINE=InnoDB DEFAULT CHARSET=utf8 COLLATE=utf8_unicode_ci;

--
-- Дамп данных таблицы `developers`
--

INSERT INTO `developers` (`id`, `name`, `site`, `description`, `country`, `foundation_year`, `user_id`, `verification_token`) VALUES
(1212, 'Garrick Gottlieb', 'http://www.schaden.com/corrupti-et-neque-reprehenderit-in-tempore', 'Ad qui ullam tempora corrupti. Suscipit autem aperiam commodi velit sit enim reprehenderit et. Magnam ullam sed animi. Qui nostrum provident ex. Sint et optio sapiente sit esse laudantium. Quidem temporibus nesciunt harum nesciunt earum nihil iste reprehenderit.', 'Gambia', 2001, 2, NULL),
(1213, 'Prof. Talon Bahringer', 'http://www.wilderman.com/minima-deleniti-autem-ex-repudiandae-quia-rerum-tempora-perferendis.html', 'Dolor consequatur corporis voluptatem excepturi quia adipisci culpa voluptatem. Omnis dicta illo eos quo possimus corrupti rerum. Ut et quo repellendus cupiditate sapiente molestias expedita.', 'Egypt', 2001, 2, NULL),
(1214, 'Ms. Therese Grimes', 'http://www.tremblay.com/', 'Consectetur delectus dolor officiis non fugiat vero. Consequuntur qui nobis corrupti architecto. Tempore aut est ut tempore aliquam consequatur sunt. Ullam aut est ipsa iusto incidunt.', 'Guam', 2001, 2, NULL),
(1215, 'Ms. Rosie Gottlieb', 'https://www.hessel.com/nihil-et-voluptatem-totam', 'Ut animi sint facilis perspiciatis consequatur rerum reiciendis. Porro ullam molestias quae ad sit voluptatem magni. Eos omnis rerum nihil nulla similique autem deserunt. Rerum laborum porro eos temporibus consectetur nemo. Aut nostrum et sed autem. Tenetur eos ratione in.', 'Guyana', 2001, 2, NULL),
(1216, 'Bradly Jacobi', 'https://www.schaefer.org/autem-maiores-ea-numquam-magni-et-et-quasi', 'Ut rerum ipsam dolorem et necessitatibus. Iure nulla inventore ratione quas. Expedita repudiandae numquam rem. Consectetur possimus sed velit officiis neque. Dolore nesciunt quis officia ut. Et quasi et quod ea facere temporibus.', 'Italy', 2001, 2, NULL),
(1217, 'Mrs. Maybell Ernser', 'http://www.pacocha.info/', 'Quas et alias quia maiores corrupti qui incidunt consequatur. Et ad quaerat reprehenderit veritatis magnam. Fugit dignissimos et est aliquid minus pariatur aut.', 'Albania', 2001, 2, NULL),
(1218, 'Idell Swift', 'http://haag.com/', 'Pariatur sit laborum ut molestiae et. Eaque enim non perspiciatis ullam. Et in veritatis expedita ut non quis. Impedit natus ea vitae ex minus voluptates quia. Repellat quis voluptas non et vitae autem alias.', 'Syrian Arab Republic', 2001, 2, NULL),
(1219, 'Prof. Shany Wiegand', 'http://mcclure.com/totam-odit-rerum-quia-ipsa-inventore-et-provident.html', 'Laboriosam quo voluptatum soluta quod harum saepe reprehenderit ut. Cum natus neque animi nisi aperiam impedit. Nesciunt laboriosam eos itaque rerum iste ex.', 'Bulgaria', 2001, 2, NULL),
(1220, 'Eliane Herzog', 'http://towne.com/consectetur-sed-quis-fugiat-qui-voluptas', 'Et consequatur aut qui et. Distinctio est in excepturi dolorum. Officiis est sint dolorem sit quia dolorum. Blanditiis rerum est eveniet aut. Voluptates laborum fugiat repudiandae maiores aut consectetur.', 'Macedonia', 2001, 2, NULL),
(1221, 'Gonzalo Brakus DVM', 'https://www.schuster.com/voluptates-et-culpa-iusto-est-doloremque', 'Et dolorum ea optio voluptate accusamus accusamus voluptatum. Voluptatem impedit dicta et ipsum. Qui animi nesciunt voluptas eum ad non. Doloribus ex quibusdam culpa. Ratione voluptatibus illum cupiditate molestias et adipisci odit.', 'Saint Kitts and Nevis', 2001, 2, NULL),
(1222, 'Davion Larson', 'http://rau.com/ad-quis-amet-corrupti-veritatis-non-nobis-et-consequatur', 'Assumenda harum reiciendis nobis voluptate quisquam eaque. Voluptatibus voluptate et neque ut. Ut et adipisci ipsum itaque ullam. Inventore velit nulla hic dolores enim. Et aut ea voluptas quo asperiores. Quam id qui error porro et. Quo ab itaque perferendis modi ipsa aut expedita.', 'Anguilla', 2002, 3, NULL),
(1223, 'Will Leffler', 'http://adams.org/', 'Aut voluptatem vero sed sed. Porro eveniet eos quos beatae autem quia ut. Recusandae modi aspernatur explicabo laborum qui sed. Ullam et soluta rem sapiente illum consequatur.', 'Finland', 2002, 3, NULL),
(1224, 'Delilah Smitham', 'http://www.marvin.com/est-possimus-quo-sed-occaecati-ut-et-voluptatem.html', 'Repellat molestiae ducimus perferendis. Officiis laborum aut porro. Repudiandae voluptatem sint dolorem ut quis quisquam. Animi similique enim sit et quaerat. Veniam ut quasi aliquam neque quidem et.', 'Israel', 2002, 3, NULL),
(1225, 'Caden Abernathy', 'http://www.wolf.net/exercitationem-quibusdam-itaque-non-cum-aliquam-nihil', 'Et impedit animi esse omnis sapiente officiis sit. Est recusandae aspernatur ad. Omnis impedit voluptatem tenetur. Voluptatum ut et architecto dolor sed et. Enim possimus nihil sunt illo quas laborum. Reiciendis praesentium eveniet voluptates quos.', 'Heard Island and McDonald Islands', 2002, 3, NULL),
(1226, 'Mr. Clyde Hand MD', 'http://goldner.biz/dolor-inventore-similique-omnis-laboriosam.html', 'Aut iste nihil velit ex alias vero perspiciatis ut. Ut sunt suscipit iure voluptas. Aliquam nihil mollitia natus sed aut commodi et accusamus. Quia voluptates dolores nisi recusandae aperiam voluptatem ut occaecati.', 'Holy See (Vatican City State)', 2002, 3, NULL),
(1227, 'Deontae Rath', 'http://www.orn.com/', 'Laudantium recusandae amet vero laudantium fugiat quasi. Sunt corrupti aspernatur rerum. Consequuntur harum consequuntur aut possimus. Amet modi mollitia distinctio omnis.', 'Brazil', 2002, 3, NULL),
(1228, 'Dr. Lexus Wilkinson', 'https://www.moore.com/voluptatibus-sit-earum-non-et-qui-autem-ducimus', 'Sapiente ut ut deleniti et. Repudiandae ut repudiandae numquam quas fuga sequi. Ullam facere quo dolorem amet. Vero explicabo totam necessitatibus doloremque a dolor.', 'Serbia', 2002, 3, NULL),
(1229, 'Dr. Kaden Schuster I', 'http://www.corkery.info/deserunt-nobis-aut-laboriosam-iure-laboriosam-libero', 'Quia velit distinctio quos omnis. Nostrum aut ipsam dolores et maxime aliquid. Vel eum qui iste.', 'Angola', 2002, 3, NULL),
(1230, 'Dr. Adolph Schaden Sr.', 'http://keebler.com/hic-alias-ab-et-eveniet-magni-earum', 'Perferendis ducimus sed voluptatem dolore blanditiis. Voluptatem ea eum unde unde ea neque ut. Sit quia molestiae aperiam magnam qui aut. Exercitationem eaque et tempora placeat nobis. Quae quidem minus ex corrupti ab quia. Consectetur minus harum dolores recusandae aliquid non sed.', 'Nicaragua', 2002, 3, NULL),
(1231, 'Elfrieda Turner', 'http://orn.com/', 'Natus et omnis et dolores error voluptatem vel. Voluptas quia quis sapiente amet vel officia. Quia voluptatem aperiam sed officia quisquam veritatis atque. Eum assumenda dolores commodi optio nisi voluptatibus.', 'Palau', 2002, 3, NULL),
(1232, 'Prof. Emil Ratke I', 'https://www.feil.com/dolores-dolorem-vel-ut-dicta-consectetur-itaque-quibusdam-voluptatem', 'Dolores rerum atque tempora maiores corrupti dignissimos aliquam. Eveniet aperiam quod ea fuga saepe autem. Sequi repudiandae exercitationem in eaque dolorem doloribus.', 'Saint Helena', 2003, 4, NULL),
(1233, 'Ms. Shanon Breitenberg II', 'https://www.towne.info/cum-dolores-consequuntur-exercitationem-et-numquam-eos', 'Ut suscipit qui qui aut. Sit sed maxime aspernatur rerum vel aut iure corrupti. Quo consequuntur ipsam architecto ea voluptatem nulla. Voluptatem distinctio et nostrum itaque consequatur voluptatem.', 'Turks and Caicos Islands', 2003, 4, NULL),
(1234, 'Maya Wintheiser', 'http://www.jaskolski.biz/harum-iure-nostrum-quidem-nam-voluptas-rerum-at', 'Et et cupiditate quas quia. Culpa suscipit voluptas qui sequi eos recusandae sit. Et consequatur enim et perspiciatis. Rerum nostrum iure corrupti consequatur perspiciatis aut inventore fugit. Est dolorem provident magni pariatur. Quas aut dolore dolor in. Commodi qui iure sed.', 'Saint Kitts and Nevis', 2003, 4, NULL),
(1235, 'Hank Baumbach', 'http://hackett.com/doloremque-autem-assumenda-est-earum-ipsam-ea-voluptates', 'Porro perferendis ut reprehenderit atque est quam pariatur rem. Repudiandae quia dolorum ex veritatis unde error. Perspiciatis rerum impedit excepturi a in est. Commodi similique doloremque est voluptas.', 'Guatemala', 2003, 4, NULL),
(1236, 'Lina Corkery', 'http://gottlieb.biz/aut-perspiciatis-nisi-est-possimus', 'Itaque sunt libero exercitationem vel libero. Sed voluptate dicta praesentium possimus non sit aut. Est voluptatem dolorem laudantium saepe fugit consequuntur. Minus quod ipsum voluptas et impedit asperiores. Recusandae alias deleniti non.', 'Antigua and Barbuda', 2003, 4, NULL),
(1237, 'Alberto Rippin', 'http://www.kautzer.info/', 'Dignissimos temporibus voluptas voluptatem quam ea et sit. Sed iste eos et quo fugit. Rem atque necessitatibus sunt impedit ipsum. Officiis eaque perspiciatis est a praesentium est.', 'Micronesia', 2003, 4, NULL),
(1238, 'Consuelo Bins', 'http://armstrong.net/', 'Sint qui ut voluptatum officiis aut voluptatem omnis tempore. Fugiat et iusto dignissimos minus ut voluptas at. Consequatur cumque ea quisquam ullam illum ex.', 'Botswana', 2003, 4, NULL),
(1239, 'Brennan Williamson', 'http://www.dach.net/', 'Quisquam voluptatem delectus non laboriosam. Odit accusantium doloribus possimus molestias. Eum repudiandae nihil ducimus quam ea. Cumque in et corrupti omnis. In nisi quo ut fuga et. Aliquid voluptatum saepe tenetur voluptatem commodi ab dolores.', 'Papua New Guinea', 2003, 4, NULL),
(1240, 'Euna Frami', 'http://www.ryan.com/veniam-blanditiis-vel-quis-accusantium-amet', 'Sint odit error fugiat mollitia fuga rerum id sunt. Ab laborum expedita beatae magni voluptatem quasi odit sapiente. Labore laboriosam sit qui.', 'Norway', 2003, 4, NULL),
(1241, 'Delphia Considine', 'http://prosacco.com/quia-modi-laboriosam-aperiam-a-suscipit', 'Quasi ipsum quae et excepturi delectus rerum. Sed ea ratione quod adipisci quidem cum. Error fuga ut iste. Veniam ut quibusdam perspiciatis labore totam voluptatem. Qui quia nulla possimus. Omnis architecto illo velit voluptatibus ut.', 'Costa Rica', 2003, 4, NULL),
(1242, 'Mohamed Daniel', 'http://rowe.org/ut-ratione-earum-ut-recusandae-quibusdam-autem', 'Occaecati omnis non fugit excepturi nihil ut placeat consequatur. Nostrum laudantium rem voluptas ea. Ducimus et voluptas autem non quas. Iste explicabo dolor aspernatur quam rem vero debitis.', 'New Caledonia', 2004, 5, NULL),
(1243, 'Mrs. Darlene Aufderhar', 'http://www.kohler.com/sint-voluptates-dolores-minima-porro-animi-aut', 'Autem est est corporis voluptate placeat nihil ad. Odio illo iste aut dolorem. Sapiente atque accusamus eveniet incidunt non fuga. Illo natus consequatur sit fugit quia nemo ut. Vel quis cumque nemo in molestiae.', 'Bahrain', 2004, 5, NULL),
(1244, 'Fleta Pouros', 'http://shields.com/', 'Omnis hic beatae sed vel sint. Incidunt qui ab laudantium sit ratione eligendi quia. Iste pariatur animi nobis ipsum ut. Beatae perspiciatis fugit ex ratione omnis fugit quod.', 'Afghanistan', 2004, 5, NULL),
(1245, 'Dr. Frederik Langosh', 'https://www.armstrong.com/ducimus-est-perferendis-delectus-omnis-dicta', 'Quas non consequatur nisi non. Pariatur nostrum velit aliquid possimus. Maxime est minima voluptate cum dolores ipsum. Voluptas illum velit qui.', 'Thailand', 2004, 5, NULL),
(1246, 'Sarina Kshlerin', 'http://www.gorczany.com/mollitia-architecto-molestiae-qui-dolor-alias', 'Modi et ducimus consequuntur accusamus veritatis autem a. Ea velit at nam eveniet commodi sint neque facere. Maiores distinctio labore quia similique. Molestias expedita voluptas quo quia molestiae est enim.', 'Brunei Darussalam', 2004, 5, NULL),
(1247, 'Brandyn Hartmann', 'http://witting.biz/', 'Nulla beatae dolores eos aperiam ratione fugiat. Quidem eius maxime qui. Quis sapiente vel ex nesciunt repellendus. Assumenda iste quo voluptas veniam est. Autem expedita harum laudantium voluptas incidunt voluptatem.', 'Eritrea', 2004, 5, NULL),
(1248, 'Prof. Steve Schamberger', 'http://www.orn.com/sed-voluptates-suscipit-soluta-consequatur-voluptatibus-iste-maiores', 'Voluptatem qui sed omnis quia. Qui eum adipisci omnis sint et consequatur molestiae.', 'Guyana', 2004, 5, NULL),
(1249, 'Miss Bethel Schaefer V', 'http://www.breitenberg.com/aperiam-ducimus-repudiandae-voluptas-eaque-ratione-vel', 'Ratione libero maiores non rerum cupiditate deserunt. Non ipsum nemo consequatur illum saepe. Rerum totam nostrum in quos. Et quod esse voluptatibus aperiam fugiat.', 'Albania', 2004, 5, NULL),
(1250, 'Clay Anderson', 'http://www.schaden.com/quo-veritatis-rerum-ipsam-numquam-aut-et', 'Similique vel tempora animi maiores sed. Et minus recusandae quia rerum et accusantium. Enim a nobis sit et deserunt.', 'Solomon Islands', 2004, 5, NULL),
(1251, 'Jessyca Murphy', 'http://mueller.com/', 'Corrupti in eius soluta sequi excepturi facere quia at. Et nihil odio iusto est saepe est corrupti. Reiciendis placeat beatae tempore mollitia consectetur rerum magnam.', 'Papua New Guinea', 2004, 5, NULL),
(1252, 'Abigayle Conn', 'http://lehner.info/quos-repellendus-et-totam-nulla-dolores', 'Facere pariatur magni eos ut consequatur esse sunt. Quisquam rem harum et magnam molestiae repellendus sit. Sed impedit impedit consectetur vitae odio voluptates fugit.', 'France', 2005, 6, NULL),
(1253, 'Mrs. Flo Green', 'http://considine.com/facere-ut-at-similique-corporis-deleniti-et-expedita', 'Omnis soluta debitis qui sed magnam sed rerum rem. Nostrum ab ut voluptate ut atque ipsa ut. Possimus neque facere occaecati. Minus sapiente itaque velit aliquam. Eos deleniti optio quod voluptate. Sit nesciunt quam sit dignissimos ut corrupti est.', 'Venezuela', 2005, 6, NULL),
(1254, 'Dr. Ross Reinger', 'http://www.leannon.com/sit-inventore-et-architecto.html', 'Molestiae repellendus consectetur sint illum. Veniam eos quae ut tempore ut. Sit enim nihil quia. Nobis sapiente ipsa non debitis itaque est. Illum molestiae est praesentium ut numquam. Cumque qui et ducimus architecto animi. Tempore non qui perferendis minus aut. Est sit eligendi qui vero id.', 'Israel', 2005, 6, NULL),
(1255, 'Ethyl Morar', 'http://www.stehr.info/odit-nisi-iste-exercitationem-tempore-dolorem-consequuntur-pariatur', 'Cupiditate autem sequi dicta est eum autem pariatur sit. Qui inventore distinctio a doloremque soluta vitae iure. Temporibus aliquid quod perferendis in. Magnam rerum ipsum mollitia aut beatae eum.', 'Myanmar', 2005, 6, NULL),
(1256, 'Ellie Dicki', 'https://conn.com/minus-est-mollitia-reiciendis.html', 'Earum et neque velit exercitationem aut eos. Dolore est nostrum amet quia. Ipsa dolores inventore optio enim aliquid reiciendis. Est assumenda voluptatibus nisi tempora distinctio. Rerum officia error sint deleniti neque unde nihil. Eos et minima ut nam sunt.', 'Ecuador', 2005, 6, NULL),
(1257, 'Ernie Bergnaum', 'https://jerde.com/placeat-ipsa-iste-libero-aut.html', 'Voluptas nihil velit magni velit. Ullam quae qui tempora sed. Praesentium quia quae qui. Possimus est magnam dolores.', 'Saudi Arabia', 2005, 6, NULL),
(1258, 'Alvah Eichmann Jr.', 'http://greenfelder.net/', 'Nihil iure dolorem quis tempore aut laborum. Aliquid quia perferendis quia exercitationem ipsam est non. Qui quia dolor eveniet. Eum perspiciatis expedita accusamus maxime consequatur omnis rerum. Est non voluptas consequatur laborum sint ut sequi.', 'Sweden', 2005, 6, NULL),
(1259, 'Gaylord Dicki', 'https://conroy.biz/expedita-repellendus-dignissimos-atque-dolore.html', 'Vel laborum blanditiis esse unde ipsam quisquam ipsa. Minima vel impedit eaque est sit officiis ex. Molestiae delectus aut neque et. Rerum est vel occaecati facere iure similique. Sit a quos consequatur delectus omnis possimus.', 'France', 2005, 6, NULL),
(1260, 'Mrs. Alexane Mayer', 'https://blick.biz/provident-fugit-cumque-alias-iure-hic.html', 'Et nemo earum quia illum exercitationem iste deserunt consequatur. Omnis iste modi sed provident eius expedita. Totam incidunt quidem odio et. Impedit accusamus qui quia corporis nobis aut officia. Corrupti sed eos ea officiis enim fugiat. At illum neque facere ipsum.', 'Brazil', 2005, 6, NULL),
(1261, 'Abbey Ziemann IV', 'http://www.kozey.net/velit-est-doloribus-et-animi-consequatur-necessitatibus-asperiores-voluptatem', 'Aliquid ad recusandae cum debitis. Ea consequatur eius dolorem recusandae non. Dolorem eaque eos qui qui. Ea repellat tempora aliquam inventore qui. Sapiente quasi voluptates beatae id aut.', 'Antarctica (the territory South of 60 deg S)', 2005, 6, NULL),
(1262, 'Alexandrine Prohaska', 'http://www.gerhold.com/', 'Voluptate neque maiores tenetur dolorem sed impedit eaque. Repellendus velit inventore minus ducimus mollitia quod. Id velit doloremque possimus sapiente cum molestias quidem. Incidunt voluptatum corporis nesciunt facere accusamus eligendi sit. Libero placeat doloremque repellendus.', 'Panama', 2006, 7, NULL),
(1263, 'Albin Zulauf III', 'http://maggio.com/id-unde-inventore-voluptatem-velit-ut', 'Minus ut praesentium odit ut officiis. Tenetur corporis consequuntur voluptas fugit adipisci. Ad assumenda rerum soluta placeat iure.', 'Romania', 2006, 7, NULL),
(1264, 'Rosendo DuBuque', 'http://www.cormier.biz/', 'Eaque repudiandae repellendus nemo illo id temporibus. Praesentium dolorem ducimus aliquam sed. Adipisci optio consequatur neque dolores voluptatibus inventore beatae. Rem doloremque dolorum dicta nostrum culpa in.', 'Hong Kong', 2006, 7, NULL),
(1265, 'Jadon Hoeger', 'https://hane.com/est-omnis-perferendis-aliquid.html', 'Quasi sed in accusantium quia. Incidunt incidunt perspiciatis quibusdam earum nobis placeat quo. Vero id nihil sapiente molestiae aut vitae maiores.', 'Samoa', 2006, 7, NULL),
(1266, 'Luella Bergnaum', 'http://www.blanda.net/', 'Magnam reiciendis dolor animi qui ullam. Ut voluptas tempore unde ut. Incidunt fugit deleniti sapiente. Voluptate optio magnam in placeat esse molestiae voluptatum. Delectus illum quos mollitia dicta tempore dicta. Animi blanditiis qui corporis quia et et.', 'Sierra Leone', 2006, 7, NULL),
(1267, 'Freddy Upton', 'http://www.towne.org/ullam-in-non-voluptate-tempore-natus-natus-dolorem-voluptas', 'Deleniti et error et corrupti. Dolor consequatur ut et ad dolor non aut. Fugiat nobis dolorum quod et aliquid. Consequatur consequatur sed accusantium mollitia vel vitae vero corrupti.', 'Norfolk Island', 2006, 7, NULL),
(1268, 'Dorthy Kshlerin', 'http://www.lowe.com/', 'Repellendus reiciendis et consectetur tenetur assumenda. Nihil hic adipisci architecto voluptatum ex ut. Optio eos quia et. Nulla enim animi quia cumque ipsam nisi. Eum ea in corrupti labore. Ut quo aperiam facilis adipisci sed repudiandae. Tempore veritatis est cupiditate quis aspernatur.', 'Bermuda', 2006, 7, NULL),
(1269, 'Jaden Dickinson PhD', 'http://www.wunsch.biz/', 'Qui est laudantium est ad aut facilis iste. Atque dolores ex et. Tenetur ut deserunt magnam. Ut maxime qui natus omnis libero et. Dolores nihil rem eius reprehenderit quia ut placeat commodi. Dolor doloribus et cum ut impedit inventore.', 'Palau', 2006, 7, NULL),
(1270, 'Allene Pouros', 'https://nader.com/alias-corporis-facere-fugit.html', 'Doloremque error magni ratione exercitationem. Vel nisi ipsa mollitia voluptatibus et minima. Cum cupiditate reprehenderit ipsa aut quia molestias. Minima repudiandae dolorum pariatur. Et porro in earum sint impedit.', 'Brazil', 2006, 7, NULL),
(1271, 'Peggie Boehm', 'http://www.zulauf.com/iusto-repellendus-nobis-ullam-voluptatum-aut', 'Sed ut id nihil tempora dignissimos. In tenetur maxime impedit totam. Ut quia aliquid vel. Velit maiores ut sint adipisci. Eaque quisquam consequuntur magnam eaque illo. Incidunt quidem modi laborum odit aperiam aliquam.', 'Heard Island and McDonald Islands', 2006, 7, NULL),
(1272, 'Kiarra Considine', 'https://www.dickinson.com/ab-nihil-nam-qui-rem-harum-eum', 'Minus asperiores itaque in fuga quo qui. Ut assumenda voluptates ipsum odio. Sit voluptatem quas voluptatem libero explicabo sed. Libero hic rerum commodi est deleniti illum tempora. Optio at qui voluptas.', 'Libyan Arab Jamahiriya', 2007, 8, NULL),
(1273, 'Ahmad Swaniawski', 'http://baumbach.biz/et-a-est-quibusdam-placeat.html', 'Voluptas odit veritatis perferendis eveniet. Dolore qui aspernatur unde aut recusandae. Inventore nam molestiae id autem laborum voluptas. Et fugiat voluptas voluptatem amet veritatis minima amet. Quasi voluptas rerum rerum. Aut omnis quo soluta consequatur aliquid officia ex.', 'Antigua and Barbuda', 2007, 8, NULL),
(1274, 'Gilbert Huel', 'https://ritchie.com/eos-quisquam-illo-dolorem-magni-incidunt-odio.html', 'Facere accusamus vitae ipsam saepe. Tempora qui exercitationem ad vel quidem. Vel quia illo provident incidunt. Aut consequatur quo sapiente quo.', 'Luxembourg', 2007, 8, NULL),
(1275, 'Miss Britney Roberts IV', 'https://www.murazik.com/inventore-nisi-totam-velit-dolore-molestiae', 'Error dolorem maxime quasi est maxime similique quia. Ut tempore illum asperiores a qui sit voluptas. Vitae quos laborum repellendus quia asperiores asperiores.', 'Turkey', 2007, 8, NULL),
(1276, 'Timmothy Torp', 'https://www.heaney.org/quam-quis-atque-amet-velit', 'Et officia vitae et optio amet numquam ut. Alias amet voluptas voluptatibus veritatis eum. Nihil soluta ut voluptas quam. Provident earum dolorum veritatis et. Rerum omnis eum minus. Officiis minus labore esse sed recusandae.', 'Rwanda', 2007, 8, NULL),
(1277, 'Mrs. Linnie Treutel I', 'https://gaylord.com/et-pariatur-illum-sed-similique-asperiores-eos-vel-praesentium.html', 'Consectetur nesciunt corporis eos explicabo autem tenetur explicabo et. Et omnis sed eum nam omnis quae. Rem consequatur aperiam fugiat labore voluptatem velit. Sed doloribus quas dolor quas quisquam quisquam cum. Magnam quia assumenda corrupti molestias aut.', 'Pakistan', 2007, 8, NULL),
(1278, 'Dr. Garret Lindgren', 'http://www.abshire.com/ullam-officiis-quasi-voluptates-quia-ut-et', 'Vitae consectetur ipsa est. Blanditiis veniam eius aut est. Maxime explicabo et quia ipsam sunt quis et.', 'San Marino', 2007, 8, NULL),
(1279, 'Lionel Wyman', 'https://www.bartell.net/tempore-dolor-ut-porro-qui-commodi-possimus-qui-velit', 'Adipisci rerum et voluptates sit sed similique sunt. Aut omnis corporis inventore praesentium officiis et qui perferendis. Dolorem sit in et consequuntur provident est consequatur. Est aut ea molestiae officiis illum ut.', 'France', 2007, 8, NULL),
(1280, 'Amira Watsica', 'http://www.greenholt.com/repellat-vel-assumenda-magnam-exercitationem-doloremque-debitis-similique-dolores', 'Nisi voluptatem aperiam molestias consequatur rerum quo sequi. Qui non sit dolores nemo officiis aperiam maiores. Recusandae fugit iste quos libero nihil aut possimus adipisci.', 'Mauritius', 2007, 8, NULL),
(1281, 'Karli Cruickshank', 'http://ullrich.org/quae-repudiandae-architecto-corporis', 'Qui modi dolor ratione fuga commodi saepe eveniet. Enim aut commodi atque ut a maxime est. Reprehenderit vel ut enim rem.', 'Uruguay', 2007, 8, NULL),
(1282, 'Dr. Bernita Okuneva', 'http://jacobson.biz/', 'Ut sint blanditiis asperiores molestiae soluta. Consequatur enim sapiente quos consequatur quas quia qui. Dolorum porro nisi ipsum consequatur non nobis.', 'Samoa', 2008, 9, NULL),
(1283, 'Prof. Berenice Quitzon II', 'http://www.powlowski.org/dolore-laborum-quasi-architecto-voluptatem', 'Excepturi at sed natus alias quod ducimus ut. Sequi ab voluptatem voluptas sed. Asperiores cupiditate nihil enim qui hic sit. Voluptatem molestiae voluptatum cumque voluptatibus praesentium. Quam repudiandae consectetur laborum repellat voluptatem reiciendis.', 'Tonga', 2008, 9, NULL),
(1284, 'Velva Prosacco I', 'https://okon.biz/hic-ab-molestiae-sit-et-est-sint-beatae.html', 'Dolores ab quaerat aperiam quos consequatur rerum placeat aliquam. Assumenda voluptate alias accusantium deleniti nesciunt vitae. Perspiciatis sit sunt quod esse. Quo ipsum repellendus et ut impedit delectus. Minima qui dolorem rerum non. Sit maxime aut quis a ex in.', 'Romania', 2008, 9, NULL),
(1285, 'Rebecca McGlynn', 'https://torphy.com/quis-assumenda-quos-sint-quia.html', 'Nihil alias repudiandae praesentium minima neque aut unde iure. Et enim atque iure blanditiis tempora quia doloribus. Corporis qui est qui rerum dicta libero. Architecto id doloremque repudiandae.', 'Guinea-Bissau', 2008, 9, NULL),
(1286, 'Vincent Williamson II', 'http://barrows.com/necessitatibus-eum-vero-qui-ex.html', 'Cupiditate eaque unde quibusdam veritatis ipsa aut. Quo vero iure reprehenderit fuga voluptatem sed repellat. Provident quam sint ea voluptatem ipsa et architecto. Velit quia maiores consectetur eos facere et. Ad dolore quia qui esse. Omnis et tempora quasi omnis aut sapiente cumque.', 'Holy See (Vatican City State)', 2008, 9, NULL),
(1287, 'Miss Marcelle Dibbert', 'http://www.langosh.com/rerum-adipisci-quasi-a.html', 'Id possimus sed qui maxime. Consequatur voluptas repudiandae distinctio voluptas eos. Vero nemo sit molestiae doloremque ipsam in expedita. Qui quia dicta quam a non aut. Dolores suscipit qui sint ipsa magni impedit doloribus. Voluptates officia fugit vel aut in repellendus vel.', 'Sao Tome and Principe', 2008, 9, NULL),
(1288, 'Jedediah Johns', 'https://www.gibson.com/quos-quia-et-dolorum-accusamus-voluptates-culpa', 'Dolor iusto non ut quis veritatis eos est deleniti. Maiores qui corporis velit eaque temporibus voluptas. Possimus ut non qui ipsam eveniet sit. Sit minima autem labore dignissimos et eius quam. Maxime numquam quae a atque. Dolorem voluptas saepe iusto est possimus.', 'Ukraine', 2008, 9, NULL),
(1289, 'Jaylan Graham', 'https://flatley.com/dolores-neque-nam-consequatur-autem-rerum-dolorem.html', 'In et laborum eum magni fugiat. Unde voluptatem et aut quisquam. Dolore provident totam rerum aut doloremque laudantium possimus.', 'Malaysia', 2008, 9, NULL),
(1290, 'Dr. Hayden Armstrong', 'https://hansen.com/quos-quidem-ipsa-aut-dolorum-voluptas-voluptatem.html', 'Omnis molestiae illum corporis vero corporis sint nobis dicta. Debitis corrupti quaerat dicta laudantium aut ipsa ut.', 'Germany', 2008, 9, NULL),
(1291, 'Mrs. Verna Bradtke MD', 'http://sauer.com/explicabo-ab-modi-eaque-soluta-est-est-in', 'Quia rem voluptate sed dolores. Et dolor suscipit pariatur qui nobis numquam. Eligendi provident id sed voluptas atque sit dicta quod. Sint quod minima voluptatem adipisci repellendus et.', 'Serbia', 2008, 9, NULL),
(1292, 'Alessandro Gulgowski', 'http://cormier.org/consequuntur-laudantium-nobis-velit-cupiditate-tempora.html', 'Laudantium fuga delectus minus animi sit aut. Molestias autem nihil mollitia perferendis consequatur voluptatem. Pariatur ut optio temporibus eaque possimus. Illum autem nisi numquam cum. Dolorem aut necessitatibus sed. Aut earum quia et. Repellendus omnis aliquam ut nulla.', 'Malawi', 2009, 10, NULL),
(1293, 'Aurelia Murray III', 'http://www.sauer.com/sint-quibusdam-et-culpa-praesentium-voluptatem', 'Corporis earum quis enim ipsa. Recusandae asperiores voluptatem totam praesentium nostrum cum. Ratione reprehenderit aut dolor. Rerum nihil aut qui voluptas consequuntur voluptatem incidunt nesciunt. Pariatur optio tempore animi. Unde nam unde voluptatem in nam.', 'South Africa', 2009, 10, NULL),
(1294, 'Edmund Lesch DVM', 'http://www.daniel.info/commodi-ut-suscipit-consequuntur', 'Ut beatae odio voluptatum dolorem ut. Blanditiis amet sint sed veritatis ducimus. Omnis sunt voluptas beatae officia quasi. Nisi provident asperiores voluptatem quasi modi minus. Qui quae sunt delectus tenetur quos. Dolorum corporis corporis velit necessitatibus.', 'Western Sahara', 2009, 10, NULL),
(1295, 'Bethel Yundt', 'https://zemlak.net/repellat-dolores-quo-dolor-saepe-consequatur.html', 'Laborum soluta magni quaerat sed. Minus et corrupti nam sequi consequatur qui ullam. Quidem fuga sit ab doloremque. Atque porro assumenda praesentium quod.', 'Denmark', 2009, 10, NULL),
(1296, 'Rubye Schoen', 'http://www.sanford.com/', 'Sunt qui et aut distinctio molestiae debitis molestiae. Et accusamus culpa exercitationem corporis harum temporibus odio. Aliquid itaque suscipit et veritatis. Deserunt eos saepe est eius.', 'Sri Lanka', 2009, 10, NULL),
(1297, 'Coleman Schmidt V', 'http://www.kilback.info/blanditiis-adipisci-fugiat-non-veritatis-ipsam.html', 'Eveniet alias voluptatem fugiat sunt quis eligendi pariatur. Voluptatum facere architecto ratione rem. Et molestias repellendus vel cupiditate cumque eaque non.', 'Qatar', 2009, 10, NULL),
(1298, 'Jaylin Bartell', 'https://stamm.com/ab-earum-et-autem.html', 'Eaque harum dolore possimus quasi cumque dolorem nesciunt. Consequatur commodi nesciunt sit voluptatem. Temporibus vitae magni quasi quia necessitatibus a voluptas voluptates.', 'Cuba', 2009, 10, NULL),
(1299, 'Autumn Greenfelder', 'http://renner.net/aut-est-odio-cum-qui-repudiandae-quo', 'Sequi dolorum dignissimos officiis omnis. Quia quas dicta omnis et autem natus. Omnis voluptatem aut beatae repellat aliquid voluptatibus. Aliquam libero veritatis modi occaecati. Eius perspiciatis omnis illo. Recusandae a dolorum temporibus laudantium quia velit nemo quos.', 'Yemen', 2009, 10, NULL),
(1300, 'Taya Keebler II', 'http://gaylord.com/eos-minima-sed-magnam-vero', 'Eveniet error cumque in officia. Quis aut dolor tempora delectus eos pariatur illum. Ut error quam nihil expedita similique labore. Voluptatum est alias quis iste magnam quam. Esse quod culpa quod numquam placeat aut eius. Eveniet ut quaerat totam aut ea non.', 'Switzerland', 2009, 10, NULL),
(1301, 'Fritz Batz', 'http://www.mcclure.info/quia-quas-dignissimos-corporis-hic-fugiat-quae-officiis', 'Et et ea odio. Et ut fugiat possimus mollitia laudantium similique temporibus. Dolorem neque odio ut repudiandae quidem modi. Aut iure iste facilis voluptatem consequatur sint harum.', 'Austria', 2009, 10, NULL),
(1302, 'Anais Schneider DDS', 'http://www.cassin.org/id-facilis-ratione-deleniti-quam-voluptates-qui', 'Iure esse explicabo nobis reiciendis ratione quas placeat. Dolor ullam ad earum et eius. Porro voluptatem sint qui dolorum explicabo aut amet. Molestiae optio in amet quidem et rem voluptatibus. Id eum qui nam repudiandae autem. Mollitia quis quia assumenda eum qui possimus.', 'Northern Mariana Islands', 2010, 11, NULL),
(1303, 'Vernon Bradtke', 'http://beatty.com/earum-qui-facere-voluptatem-odit-ad-minima', 'Similique sint porro reiciendis autem adipisci in dolorem. Optio officia corrupti aliquid numquam officiis. Ratione enim qui provident perferendis officia eum. Delectus aut id mollitia unde fugiat beatae.', 'Niger', 2010, 11, NULL),
(1304, 'Benedict Wiza', 'http://www.hammes.com/', 'Enim esse quo adipisci ut. Aut sit facilis quisquam nam voluptatum qui. Commodi suscipit tempore blanditiis aut. Quo dicta est magnam commodi qui neque rem. Vel id similique harum iure enim. Veniam laboriosam perspiciatis hic ut tenetur.', 'Egypt', 2010, 11, NULL),
(1305, 'Mr. Juwan Marquardt', 'http://www.will.com/', 'Quidem explicabo dolorem et est accusamus magnam. Eligendi eaque et velit quo. Dolor ad delectus doloremque quis. Doloribus eum et magnam ut. Qui recusandae corporis delectus modi quidem.', 'Saudi Arabia', 2010, 11, NULL),
(1306, 'Gretchen Beier', 'http://harris.biz/dicta-ut-et-quo', 'Velit at dolor qui rerum unde velit soluta. Iste non nulla quidem blanditiis voluptate nobis. Blanditiis facilis repellat cupiditate ut ipsam. Temporibus dolore quasi sunt voluptatem.', 'Turkmenistan', 2010, 11, NULL),
(1307, 'Jaylen Weimann', 'http://runolfsdottir.info/enim-sit-vel-sit-assumenda.html', 'Est quas aperiam nulla qui. Numquam dolores neque tempora. Rem vel exercitationem deleniti corporis iusto non praesentium. Ipsa libero dolores odit laborum numquam earum at. Consequatur rerum sit perferendis aperiam. Nihil id dolorum dolore porro sint cum. Excepturi ipsa non nemo accusantium harum.', 'Martinique', 2010, 11, NULL),
(1308, 'Vallie Kub', 'http://veum.com/', 'Hic temporibus modi laboriosam qui autem et iusto. Et odio voluptatibus dolorem qui similique exercitationem illum aut. Ut vitae qui eius aliquam doloremque. Architecto adipisci sunt laudantium velit. Numquam id et a facilis.', 'Switzerland', 2010, 11, NULL),
(1309, 'Alex Legros', 'http://schuppe.net/non-rerum-ut-recusandae-aut', 'Quos numquam dicta illo optio provident. Commodi vero impedit eius voluptas. Ut aut facere quo accusamus necessitatibus sunt voluptatem. Enim id voluptatem nesciunt placeat voluptatem quod quas sit.', 'New Caledonia', 2010, 11, NULL),
(1310, 'Georgiana O\'Keefe', 'http://www.armstrong.net/', 'Totam id repellat harum placeat qui. Dolorem repudiandae quo rerum similique. Quis sed quibusdam rerum sint fugiat sint. Modi qui et iste omnis beatae commodi. Iste officiis molestias odit. Similique nisi id in sunt distinctio rerum pariatur.', 'Wallis and Futuna', 2010, 11, NULL),
(1311, 'Juliet Schuppe', 'http://nikolaus.org/sapiente-eos-natus-eos-dignissimos-ad-quis', 'Repellendus eum molestiae doloribus. Et ipsa iusto molestias dolore animi aut corporis. Qui culpa est illo mollitia porro perspiciatis quis. Dolor dolorem odit aut tenetur aut accusantium est.', 'Martinique', 2010, 11, NULL),
(1312, 'OOO \"THE BEST SOFT\"', 'www.bestsoft.ru', 'Мы делаем лучший софт.', 'Россия', 2015, 1, NULL);

-- --------------------------------------------------------

--
-- Структура таблицы `developers_awards_images`
--

CREATE TABLE `developers_awards_images` (
  `developer_id` int(6) NOT NULL,
  `priority` int(2) NOT NULL,
  `src` varchar(256) COLLATE utf8_unicode_ci NOT NULL,
  `description` text COLLATE utf8_unicode_ci NOT NULL
) ENGINE=InnoDB DEFAULT CHARSET=utf8 COLLATE=utf8_unicode_ci;

-- --------------------------------------------------------

--
-- Структура таблицы `functions`
--

CREATE TABLE `functions` (
  `id` int(3) NOT NULL,
  `name` varchar(256) COLLATE utf8_unicode_ci NOT NULL,
  `priority` int(3) NOT NULL,
  `description` text COLLATE utf8_unicode_ci NOT NULL
) ENGINE=InnoDB DEFAULT CHARSET=utf8 COLLATE=utf8_unicode_ci;

--
-- Дамп данных таблицы `functions`
--

INSERT INTO `functions` (`id`, `name`, `priority`, `description`) VALUES
(1, 'Звонки', 0, 'Voluptatum est eum consequuntur modi culpa sed. Corrupti magni laborum sapiente et fugit. Voluptatem itaque voluptas sit eveniet assumenda similique amet. Magni nisi omnis voluptatem saepe doloremque eveniet. Aut architecto aut quibusdam voluptatem qui.'),
(2, 'Контроль пользоателей', 1, 'Perspiciatis voluptate illo facere quia explicabo beatae. Saepe quos est ut error. Facere aut esse velit eligendi vero. Sequi doloribus qui fugit. Aut blanditiis cum neque dolorum repudiandae. Id possimus corporis quibusdam incidunt ut est nesciunt facilis. Magnam suscipit distinctio ut eum animi iste dolorem. Non beatae vel ab rerum reiciendis explicabo.'),
(3, 'Мульти-платформенность', 2, 'In ab labore expedita et. Porro iure voluptates est. Et voluptas corporis eligendi ea non. Dolorem asperiores architecto quia ducimus. Error eos at ut aut. Commodi ullam maiores perferendis et aliquid dolorum quia. Possimus non eaque voluptatem. Et repudiandae quia dolor deserunt neque dolor debitis. Quod animi qui et cumque neque eaque qui quidem. Maxime odio cumque consequatur laudantium rem.'),
(4, 'Воронка продаж', 3, 'Qui possimus enim nulla assumenda suscipit sit culpa. Eligendi eaque harum dolores nemo. Ullam aut quaerat sit voluptatum aspernatur sit. Et illo voluptates repellendus dicta optio quo. Voluptatem vel qui eligendi cumque aliquam optio. Veniam officiis facilis eaque ex qui. Unde necessitatibus voluptatibus perspiciatis.'),
(5, 'Статистика', 4, 'Sit reprehenderit qui repudiandae tempora ut quibusdam vel. Est atque explicabo laudantium qui deserunt. Quae sapiente et et eum enim cumque et autem. Aut commodi possimus ut tempora. Ducimus est facilis amet sint velit sit sint eveniet. Esse dolor neque ducimus excepturi. Impedit dolorum velit dignissimos est alias aliquam eum. Sed tempora voluptas eos et.'),
(6, 'Интеграция с 1С', 5, 'Deleniti non animi accusamus. Laboriosam nam suscipit nulla iusto quia et. Cupiditate quisquam et perspiciatis nihil reiciendis tempore. Et accusantium perspiciatis provident facere. Qui sed quia illum nesciunt. Vero ea eligendi dicta nostrum odio enim voluptas.'),
(7, 'Интеграция с МОЙ СКЛАД ', 6, 'Illo quis esse sunt ratione eum est et. Quam odit doloremque non illo reprehenderit. Provident assumenda nam impedit et unde. Modi nisi id dolores. Sed expedita omnis laudantium fugiat. Exercitationem laudantium sed quia eos asperiores. Ut magni natus aliquam quasi error.'),
(8, 'IP Телефония', 7, 'Eaque vero ut autem eum et quia officiis. Optio ea sit illum illo suscipit aperiam quo et. Deserunt id voluptas mollitia voluptatem qui. Magnam dolorem quaerat delectus assumenda fugit earum dolores. Qui incidunt itaque repellendus enim quibusdam qui. Optio voluptates sed recusandae tempore commodi enim.'),
(9, 'Контроль доступа', 8, 'Ipsam nisi accusantium ab excepturi dignissimos reiciendis. Architecto sequi sed eum. Voluptas molestias animi deserunt. Velit rerum sunt ad saepe. Aut quod quam autem cupiditate. Est molestiae quia aut unde voluptatibus earum explicabo dolore. Est aspernatur magni illo. Cupiditate inventore aut praesentium excepturi sint veniam et. Est ipsum repudiandae explicabo magnam debitis.'),
(10, 'Отправка Смс', 9, 'Maiores a fugiat dolorem perferendis. Ducimus et eaque rerum est qui ea atque beatae. Sequi reprehenderit magnam quo. Ratione vero commodi omnis tenetur consequuntur et qui. Eaque aut quos doloremque aut et ab minima. Nemo ut aut in quia sed nam maiores dolores. Vel vel dolores officia aut quidem quia. Consequatur nemo ut dolore quod eveniet fuga neque. Repellendus officia non nemo.');

-- --------------------------------------------------------

--
-- Структура таблицы `functions_assignment`
--

CREATE TABLE `functions_assignment` (
  `program_id` int(5) NOT NULL,
  `function_id` int(3) NOT NULL
) ENGINE=InnoDB DEFAULT CHARSET=utf8 COLLATE=utf8_unicode_ci;

--
-- Дамп данных таблицы `functions_assignment`
--

INSERT INTO `functions_assignment` (`program_id`, `function_id`) VALUES
(872, 1),
(882, 1),
(884, 1),
(887, 1),
(890, 1),
(898, 1),
(900, 1),
(903, 1),
(907, 1),
(912, 1),
(916, 1),
(918, 1),
(921, 1),
(927, 1),
(928, 1),
(929, 1),
(931, 1),
(933, 1),
(937, 1),
(944, 1),
(945, 1),
(948, 1),
(949, 1),
(951, 1),
(953, 1),
(956, 1),
(959, 1),
(960, 1),
(962, 1),
(963, 1),
(877, 2),
(880, 2),
(882, 2),
(883, 2),
(893, 2),
(895, 2),
(902, 2),
(905, 2),
(906, 2),
(907, 2),
(911, 2),
(913, 2),
(915, 2),
(918, 2),
(920, 2),
(921, 2),
(927, 2),
(928, 2),
(930, 2),
(932, 2),
(935, 2),
(939, 2),
(940, 2),
(942, 2),
(945, 2),
(946, 2),
(947, 2),
(949, 2),
(952, 2),
(958, 2),
(961, 2),
(962, 2),
(965, 2),
(975, 2),
(873, 3),
(878, 3),
(880, 3),
(892, 3),
(894, 3),
(896, 3),
(900, 3),
(906, 3),
(910, 3),
(919, 3),
(920, 3),
(926, 3),
(928, 3),
(930, 3),
(932, 3),
(935, 3),
(941, 3),
(948, 3),
(950, 3),
(952, 3),
(956, 3),
(963, 3),
(966, 3),
(874, 4),
(882, 4),
(887, 4),
(896, 4),
(898, 4),
(899, 4),
(903, 4),
(904, 4),
(911, 4),
(913, 4),
(914, 4),
(916, 4),
(921, 4),
(922, 4),
(923, 4),
(924, 4),
(926, 4),
(933, 4),
(934, 4),
(949, 4),
(950, 4),
(953, 4),
(954, 4),
(955, 4),
(959, 4),
(963, 4),
(967, 4),
(975, 4),
(871, 5),
(873, 5),
(875, 5),
(876, 5),
(879, 5),
(885, 5),
(886, 5),
(889, 5),
(893, 5),
(894, 5),
(895, 5),
(897, 5),
(902, 5),
(905, 5),
(907, 5),
(908, 5),
(909, 5),
(912, 5),
(914, 5),
(915, 5),
(916, 5),
(922, 5),
(924, 5),
(925, 5),
(926, 5),
(927, 5),
(939, 5),
(940, 5),
(942, 5),
(946, 5),
(947, 5),
(954, 5),
(955, 5),
(957, 5),
(965, 5),
(966, 5),
(967, 5),
(970, 5),
(874, 6),
(875, 6),
(878, 6),
(880, 6),
(887, 6),
(888, 6),
(889, 6),
(891, 6),
(897, 6),
(898, 6),
(899, 6),
(900, 6),
(908, 6),
(917, 6),
(918, 6),
(919, 6),
(920, 6),
(925, 6),
(941, 6),
(948, 6),
(956, 6),
(957, 6),
(961, 6),
(968, 6),
(969, 6),
(872, 7),
(876, 7),
(881, 7),
(884, 7),
(885, 7),
(886, 7),
(888, 7),
(891, 7),
(892, 7),
(901, 7),
(903, 7),
(906, 7),
(909, 7),
(912, 7),
(913, 7),
(915, 7),
(931, 7),
(932, 7),
(934, 7),
(936, 7),
(938, 7),
(939, 7),
(940, 7),
(941, 7),
(943, 7),
(944, 7),
(947, 7),
(951, 7),
(955, 7),
(958, 7),
(965, 7),
(967, 7),
(969, 7),
(970, 7),
(975, 7),
(871, 8),
(872, 8),
(875, 8),
(877, 8),
(881, 8),
(883, 8),
(890, 8),
(892, 8),
(895, 8),
(896, 8),
(899, 8),
(901, 8),
(904, 8),
(908, 8),
(910, 8),
(911, 8),
(914, 8),
(919, 8),
(923, 8),
(924, 8),
(929, 8),
(930, 8),
(933, 8),
(936, 8),
(937, 8),
(938, 8),
(942, 8),
(943, 8),
(944, 8),
(951, 8),
(953, 8),
(957, 8),
(958, 8),
(959, 8),
(962, 8),
(964, 8),
(968, 8),
(969, 8),
(871, 9),
(873, 9),
(874, 9),
(876, 9),
(877, 9),
(878, 9),
(879, 9),
(885, 9),
(888, 9),
(889, 9),
(891, 9),
(894, 9),
(901, 9),
(902, 9),
(905, 9),
(917, 9),
(937, 9),
(943, 9),
(945, 9),
(960, 9),
(964, 9),
(879, 10),
(881, 10),
(883, 10),
(884, 10),
(886, 10),
(890, 10),
(893, 10),
(897, 10),
(904, 10),
(909, 10),
(910, 10),
(917, 10),
(922, 10),
(923, 10),
(925, 10),
(929, 10),
(931, 10),
(934, 10),
(935, 10),
(936, 10),
(938, 10),
(946, 10),
(950, 10),
(952, 10),
(954, 10),
(960, 10),
(961, 10),
(964, 10),
(966, 10),
(968, 10),
(970, 10);

-- --------------------------------------------------------

--
-- Структура таблицы `migration`
--

CREATE TABLE `migration` (
  `version` varchar(180) NOT NULL,
  `apply_time` int(11) DEFAULT NULL
) ENGINE=InnoDB DEFAULT CHARSET=utf8;

--
-- Дамп данных таблицы `migration`
--

INSERT INTO `migration` (`version`, `apply_time`) VALUES
('m000000_000000_base', 1558845731),
('m130524_201442_init', 1558845740),
('m140506_102106_rbac_init', 1558845733),
('m170907_052038_rbac_add_index_on_auth_assignment_user_id', 1558845733),
('m180523_151638_rbac_updates_indexes_without_prefix', 1558845733),
('m190124_110200_add_verification_token_column_to_user_table', 1558845740),
('m190522_085605_programs', 1558845740),
('m190522_132223_developers', 1558845741),
('m190522_132238_functions', 1558845741),
('m190522_132253_reviews', 1558845741),
('m190522_132400_images', 1558845741),
('m190522_135256_developers_awards_images', 1558845742),
('m190522_140117_functions_assignment', 1558845742),
('m190525_082155_create_categories_table', 1558845742),
('m190525_082241_alter_add_category_column', 1558845742),
('m190525_082309_add_foreign_key_to_categories_column', 1558845743),
('m190525_090413_alter_table_column_video_link_null', 1558845743),
('m190525_090507_alter_table_function_assignment_add_unique_index', 1558845743),
('m190525_093754_alter_table_add_null_ratings', 1558845743),
('m190525_145519_create_table_platforms', 1558845743),
('m190525_145804_create_table_platforms_asignment', 1558845744),
('m190525_174522_init_rbac', 1558845745),
('m190526_051030_add_fake_users', 1558853613),
('m190526_051040_create_platforms_and_functions', 1558851090),
('m190526_051049_create_fake_data', 1558855322);

-- --------------------------------------------------------

--
-- Структура таблицы `platforms`
--

CREATE TABLE `platforms` (
  `id` int(2) NOT NULL,
  `name` varchar(256) COLLATE utf8_unicode_ci NOT NULL
) ENGINE=InnoDB DEFAULT CHARSET=utf8 COLLATE=utf8_unicode_ci;

--
-- Дамп данных таблицы `platforms`
--

INSERT INTO `platforms` (`id`, `name`) VALUES
(15, 'Windows'),
(16, 'Android'),
(17, 'MacOs'),
(18, 'IOS'),
(19, 'Browser'),
(20, 'Ubuntu'),
(21, 'ChromeOS');

-- --------------------------------------------------------

--
-- Структура таблицы `platforms_assignment`
--

CREATE TABLE `platforms_assignment` (
  `program_id` int(5) NOT NULL,
  `platform_id` int(2) NOT NULL
) ENGINE=InnoDB DEFAULT CHARSET=utf8 COLLATE=utf8_unicode_ci;

--
-- Дамп данных таблицы `platforms_assignment`
--

INSERT INTO `platforms_assignment` (`program_id`, `platform_id`) VALUES
(873, 15),
(878, 15),
(886, 15),
(887, 15),
(888, 15),
(890, 15),
(892, 15),
(893, 15),
(894, 15),
(899, 15),
(900, 15),
(903, 15),
(904, 15),
(906, 15),
(907, 15),
(909, 15),
(914, 15),
(915, 15),
(918, 15),
(928, 15),
(934, 15),
(939, 15),
(942, 15),
(944, 15),
(949, 15),
(951, 15),
(952, 15),
(953, 15),
(955, 15),
(958, 15),
(961, 15),
(962, 15),
(964, 15),
(969, 15),
(970, 15),
(871, 16),
(872, 16),
(874, 16),
(875, 16),
(877, 16),
(878, 16),
(879, 16),
(883, 16),
(885, 16),
(888, 16),
(892, 16),
(895, 16),
(896, 16),
(897, 16),
(898, 16),
(905, 16),
(906, 16),
(907, 16),
(908, 16),
(916, 16),
(917, 16),
(920, 16),
(922, 16),
(923, 16),
(924, 16),
(925, 16),
(926, 16),
(927, 16),
(928, 16),
(930, 16),
(931, 16),
(932, 16),
(933, 16),
(935, 16),
(936, 16),
(938, 16),
(940, 16),
(941, 16),
(943, 16),
(946, 16),
(952, 16),
(955, 16),
(956, 16),
(957, 16),
(959, 16),
(960, 16),
(964, 16),
(967, 16),
(968, 16),
(871, 17),
(873, 17),
(877, 17),
(881, 17),
(882, 17),
(883, 17),
(886, 17),
(887, 17),
(890, 17),
(892, 17),
(894, 17),
(895, 17),
(896, 17),
(897, 17),
(898, 17),
(901, 17),
(903, 17),
(911, 17),
(913, 17),
(915, 17),
(918, 17),
(919, 17),
(920, 17),
(922, 17),
(926, 17),
(931, 17),
(932, 17),
(933, 17),
(934, 17),
(935, 17),
(938, 17),
(943, 17),
(945, 17),
(946, 17),
(948, 17),
(951, 17),
(953, 17),
(954, 17),
(959, 17),
(960, 17),
(961, 17),
(965, 17),
(966, 17),
(967, 17),
(969, 17),
(871, 18),
(872, 18),
(876, 18),
(881, 18),
(883, 18),
(884, 18),
(886, 18),
(889, 18),
(900, 18),
(902, 18),
(905, 18),
(909, 18),
(912, 18),
(913, 18),
(918, 18),
(921, 18),
(922, 18),
(923, 18),
(925, 18),
(926, 18),
(929, 18),
(931, 18),
(933, 18),
(934, 18),
(936, 18),
(937, 18),
(938, 18),
(942, 18),
(945, 18),
(950, 18),
(952, 18),
(954, 18),
(955, 18),
(962, 18),
(965, 18),
(966, 18),
(967, 18),
(968, 18),
(975, 18),
(873, 19),
(874, 19),
(875, 19),
(879, 19),
(880, 19),
(882, 19),
(884, 19),
(885, 19),
(889, 19),
(891, 19),
(893, 19),
(894, 19),
(895, 19),
(896, 19),
(897, 19),
(898, 19),
(899, 19),
(904, 19),
(908, 19),
(910, 19),
(911, 19),
(912, 19),
(915, 19),
(916, 19),
(919, 19),
(924, 19),
(925, 19),
(932, 19),
(935, 19),
(937, 19),
(939, 19),
(940, 19),
(942, 19),
(947, 19),
(948, 19),
(950, 19),
(956, 19),
(958, 19),
(959, 19),
(960, 19),
(961, 19),
(963, 19),
(970, 19),
(975, 19),
(874, 20),
(875, 20),
(876, 20),
(877, 20),
(880, 20),
(882, 20),
(884, 20),
(885, 20),
(887, 20),
(889, 20),
(890, 20),
(891, 20),
(900, 20),
(901, 20),
(902, 20),
(903, 20),
(905, 20),
(906, 20),
(907, 20),
(909, 20),
(910, 20),
(911, 20),
(912, 20),
(914, 20),
(917, 20),
(919, 20),
(921, 20),
(924, 20),
(927, 20),
(928, 20),
(929, 20),
(930, 20),
(937, 20),
(940, 20),
(941, 20),
(943, 20),
(944, 20),
(945, 20),
(946, 20),
(947, 20),
(948, 20),
(949, 20),
(953, 20),
(957, 20),
(958, 20),
(962, 20),
(963, 20),
(969, 20),
(970, 20),
(872, 21),
(876, 21),
(878, 21),
(879, 21),
(880, 21),
(881, 21),
(888, 21),
(891, 21),
(893, 21),
(899, 21),
(901, 21),
(902, 21),
(904, 21),
(908, 21),
(910, 21),
(913, 21),
(914, 21),
(916, 21),
(917, 21),
(920, 21),
(921, 21),
(923, 21),
(927, 21),
(929, 21),
(930, 21),
(936, 21),
(939, 21),
(941, 21),
(944, 21),
(947, 21),
(949, 21),
(950, 21),
(951, 21),
(954, 21),
(956, 21),
(957, 21),
(963, 21),
(964, 21),
(965, 21),
(966, 21),
(968, 21),
(975, 21);

-- --------------------------------------------------------

--
-- Структура таблицы `programs`
--

CREATE TABLE `programs` (
  `id` int(7) NOT NULL,
  `name` varchar(256) COLLATE utf8_unicode_ci NOT NULL,
  `link` varchar(256) COLLATE utf8_unicode_ci NOT NULL,
  `video_link` text COLLATE utf8_unicode_ci,
  `destination` text COLLATE utf8_unicode_ci NOT NULL,
  `description` text COLLATE utf8_unicode_ci NOT NULL,
  `rating` float DEFAULT '0',
  `rating_convenience` float DEFAULT '0',
  `rating_functions` float DEFAULT '0',
  `rating_support` float DEFAULT '0',
  `status` smallint(6) NOT NULL DEFAULT '0',
  `created_at` int(11) NOT NULL,
  `updated_at` int(11) NOT NULL,
  `developer_id` int(11) NOT NULL,
  `support` text COLLATE utf8_unicode_ci NOT NULL,
  `learning` text COLLATE utf8_unicode_ci NOT NULL,
  `price_from` float DEFAULT NULL,
  `price_to` float DEFAULT NULL,
  `prices` text COLLATE utf8_unicode_ci,
  `has_month_plan` smallint(6) DEFAULT NULL,
  `has_year_plan` smallint(6) DEFAULT NULL,
  `has_free` smallint(6) DEFAULT NULL,
  `has_trial` smallint(6) DEFAULT NULL,
  `trial_link` text COLLATE utf8_unicode_ci,
  `category_id` int(5) NOT NULL
) ENGINE=InnoDB DEFAULT CHARSET=utf8 COLLATE=utf8_unicode_ci;

--
-- Дамп данных таблицы `programs`
--

INSERT INTO `programs` (`id`, `name`, `link`, `video_link`, `destination`, `description`, `rating`, `rating_convenience`, `rating_functions`, `rating_support`, `status`, `created_at`, `updated_at`, `developer_id`, `support`, `learning`, `price_from`, `price_to`, `prices`, `has_month_plan`, `has_year_plan`, `has_free`, `has_trial`, `trial_link`, `category_id`) VALUES
(871, 'Necessitatibus.', 'http://pfannerstill.net/labore-aut-culpa-et-dolores-minus-laboriosam', NULL, 'Doloribus et aut commodi ab vero laborum. Qui repudiandae optio possimus dignissimos id voluptatum.', 'Ducimus eius quaerat unde vel. Nulla possimus ea libero incidunt vel ut. Illum qui odio aliquam quia vel ut quo. Vel ipsum quia ea ea.', 2.3, 2.5, 2, 2.5, 1, 1558868582, 1558868582, 1212, '4', '4', -1, 6299, NULL, NULL, NULL, NULL, NULL, 'https://hahn.com/eos-officia-a-commodi.html', 143),
(872, 'Necessitatibus.', 'http://www.koss.net/officia-nihil-saepe-voluptatem-odit-vel', NULL, 'Sit facilis rerum quis iure magnam. Dolorum quia rerum qui facere et ea.', 'Voluptatum facilis voluptatum asperiores recusandae dolor esse. Odit culpa repellendus assumenda a. Ut ducimus fugit at quaerat optio omnis. Numquam quia ea ad molestiae temporibus quos eveniet.', 3.1, 2.8, 2.9, 3.6, 1, 1558868582, 1558868582, 1213, '4', '3', 799, 8299, NULL, NULL, NULL, NULL, NULL, 'http://www.powlowski.net/', 143),
(873, 'Et molestiae.', 'http://www.boehm.net/ut-consequatur-et-eum-ea-ex-aspernatur', NULL, 'Sunt tempora voluptatem aut vel sequi. Veniam quia omnis reiciendis ab nobis.', 'Adipisci laudantium et quia harum aut voluptates. Et aut voluptatibus cupiditate est sit ut. Facere autem alias consequatur reiciendis voluptas iure. Aperiam placeat sit ab temporibus.', 3.2, 2, 3.7, 4, 1, 1558868582, 1558868582, 1214, '4', '1', 799, 2299, NULL, NULL, NULL, NULL, NULL, 'http://www.kassulke.com/', 143),
(874, 'Qui tempore.', 'http://renner.org/', NULL, 'Quis ipsa sunt placeat omnis et. Eum quasi vel voluptas aut. Accusamus vel incidunt et.', 'Error eum quas aperiam fugiat recusandae. Omnis in atque corrupti omnis pariatur facilis. Id consequuntur modi quos quis recusandae atque accusantium.', 2.7, 3, 1.9, 3.1, 1, 1558868582, 1558868582, 1215, '3', '4', 799, 3199, NULL, NULL, NULL, NULL, NULL, 'http://greenholt.com/error-sint-consequuntur-delectus-deserunt-facilis-et-molestias-et', 143),
(875, 'Aut qui.', 'https://bartoletti.biz/quia-nulla-omnis-veniam-molestiae-ipsa-aliquam-est.html', NULL, 'Sed asperiores ut labore enim officiis. Natus voluptatem consequatur non dolor sed totam.', 'Eos laborum nemo ea corporis ab mollitia incidunt esse. Voluptatem et repellendus asperiores tenetur iusto voluptatibus reprehenderit. Quod porro eaque omnis. Sunt eveniet ipsa aut eaque.', 3.3, 4.3, 3.3, 2.3, 1, 1558868582, 1558868582, 1216, '2', '4', 599, 4499, NULL, NULL, NULL, NULL, NULL, 'https://www.powlowski.biz/corporis-libero-ea-perferendis-aspernatur-ab-quia', 143),
(876, 'Facilis.', 'http://www.nicolas.com/illum-assumenda-quaerat-vero-amet.html', NULL, 'Temporibus aliquid fugit ratione. Quas est et aut eius ipsum.', 'Sed provident totam sunt perferendis debitis iste. Officiis sunt impedit accusamus laudantium sint natus. Provident dolore ab voluptas ipsa. Est hic nihil recusandae qui repudiandae.', 3.3, 4.5, 2, 3.5, 1, 1558868582, 1558868582, 1217, '2', '2', 999, 1599, NULL, NULL, NULL, NULL, NULL, 'http://kutch.com/modi-aliquid-hic-dicta-in-possimus-dignissimos', 143),
(877, 'Et esse ut.', 'http://www.daniel.org/ipsum-et-voluptate-fuga-et-soluta-soluta', NULL, 'Expedita quia ut ea. Modi harum aut consequatur. Tempore enim sed pariatur aspernatur tenetur.', 'Enim accusantium voluptatem illum exercitationem cum. Dolorem officiis consectetur officia consequuntur impedit fugit suscipit. Ipsam ea necessitatibus pariatur. Ipsum ipsam qui porro.', 2.7, 3.1, 2.8, 2.1, 1, 1558868582, 1558868582, 1218, '2', '1', 699, 5199, NULL, NULL, NULL, NULL, NULL, 'http://langworth.info/', 143),
(878, 'Et error.', 'http://schuster.net/nihil-exercitationem-aliquid-accusantium-omnis.html', NULL, 'Minus dolorem eveniet quos id. Itaque tenetur dolorem ex.', 'Assumenda et molestias cumque expedita et atque nostrum. Et rem accusamus optio voluptates. Numquam consectetur dolor repellendus est ipsum soluta quam.', 2.5, 2.3, 2.6, 2.5, 1, 1558868582, 1558868582, 1219, '4', '2', 399, 4999, NULL, NULL, NULL, NULL, NULL, 'http://dubuque.com/', 143),
(879, 'Quia et aut.', 'http://hudson.com/', NULL, 'Ut qui quod error. Qui sed dolor consequuntur inventore minus. Omnis voluptatem quisquam est.', 'Maiores sed sint dolores expedita. Dolorem aut quo reprehenderit tenetur natus. Voluptas tenetur est omnis.', 3.2, 3.5, 2.5, 3.5, 1, 1558868582, 1558868582, 1220, '3', '3', 999, 2299, NULL, NULL, NULL, NULL, NULL, 'http://www.senger.info/magnam-rerum-itaque-distinctio-ad-quia-magni-qui', 143),
(880, 'Voluptatem.', 'http://kuphal.com/', NULL, 'Est soluta quasi vel mollitia. Nihil asperiores aut ut minus. Qui saepe iusto eos numquam cum vel.', 'Aliquam laudantium commodi sint sapiente voluptatem. Commodi illum aut laborum eveniet et commodi sunt qui. Quia quia quo incidunt. Voluptatem inventore quasi alias qui aut minus autem.', 2.7, 2.5, 2.9, 2.6, 1, 1558868582, 1558868582, 1221, '2', '1', 899, 3499, NULL, NULL, NULL, NULL, NULL, 'https://www.watsica.info/explicabo-nisi-blanditiis-rerum-quaerat-dolorem-quas', 143),
(881, 'Temporibus et.', 'https://bashirian.com/porro-odit-quam-est-quidem-itaque-ullam-est.html', NULL, 'Aut dolorum quia recusandae. Et illo velit placeat et sit aspernatur. Omnis ab sint ut in illo.', 'Enim doloremque ex voluptatum est quaerat. Omnis nisi reiciendis non ut eos eligendi.', 2.8, 1.6, 3.4, 3.4, 1, 1558868582, 1558868583, 1222, '4', '3', 599, 7299, NULL, NULL, NULL, NULL, NULL, 'http://www.denesik.net/excepturi-illum-voluptatem-dolor-ut-sed.html', 144),
(882, 'Velit amet ut.', 'http://cummings.com/', NULL, 'Id illo nam harum in modi autem. Quas quia at ut quo labore enim.', 'Soluta laborum aut velit corrupti quia et. Possimus est atque et ut debitis vel. A explicabo quod labore. Doloremque vitae tempore suscipit sed et magni commodi sint.', 2.2, 2.3, 1.7, 2.7, 1, 1558868583, 1558868583, 1223, '3', '1', -1, 4099, NULL, NULL, NULL, NULL, NULL, 'https://www.abernathy.com/perspiciatis-labore-et-ut-ut-repellendus', 144),
(883, 'Minus enim.', 'http://www.wisozk.com/', NULL, 'Fuga consequuntur nobis labore. Eum saepe sit ut ab.', 'Dignissimos quo voluptate autem accusantium et. Laboriosam inventore consequatur ipsam. Repellat laborum expedita blanditiis tempore quia delectus.', 3.1, 2.8, 2.8, 3.6, 1, 1558868583, 1558868583, 1224, '1', '1', 899, 6699, NULL, NULL, NULL, NULL, NULL, 'https://satterfield.biz/nihil-id-consectetur-ut-et-quasi-occaecati.html', 144),
(884, 'Deleniti quis.', 'http://mitchell.com/in-et-vel-et-rem-est-reprehenderit-sed-voluptatem.html', NULL, 'Illum est voluptas voluptas minima dolor non maiores. Unde deserunt qui esse.', 'Suscipit perferendis quas impedit et beatae odio. Error quo minima quia repellat. Ut numquam in atque molestias.', 2.5, 3, 3, 1.4, 1, 1558868583, 1558868583, 1225, '1', '1', 999, 6799, NULL, NULL, NULL, NULL, NULL, 'http://www.olson.com/et-blanditiis-aliquam-iste-voluptas', 144),
(885, 'Sit veniam.', 'http://www.lubowitz.com/quae-cum-libero-est-eligendi-amet-id-quam', NULL, 'Quia sed dolore asperiores sint ut. Nobis quidem quod et et omnis.', 'Cumque nam quam consectetur placeat deleniti aut. Quod voluptatibus ab quasi iure. Qui dignissimos omnis ut. Eaque aliquam rem voluptatem voluptas quae.', 2.7, 5, 1, 2, 1, 1558868583, 1558868583, 1226, '4', '3', 99, 6099, NULL, NULL, NULL, NULL, NULL, 'http://www.padberg.biz/quod-enim-voluptas-voluptates-error-aut-fugit.html', 144),
(886, 'Et inventore.', 'http://murazik.biz/', NULL, 'Quia voluptas autem qui sed odit. Nam temporibus voluptatibus totam. Magni est modi atque minima.', 'Placeat sit unde aut adipisci. Voluptatem deserunt porro incidunt doloremque voluptatem. Omnis alias voluptas quo voluptate maxime. Optio rerum sit eaque et quisquam esse veritatis.', 3.1, 3, 2.5, 3.8, 1, 1558868583, 1558868583, 1227, '2', '3', 899, 5999, NULL, NULL, NULL, NULL, NULL, 'http://kub.biz/omnis-sunt-aut-molestiae', 144),
(887, 'Necessitatibus.', 'http://www.cremin.info/rerum-labore-architecto-quis-et', NULL, 'Et non laudantium blanditiis doloremque. Et fugit expedita officiis minima.', 'Sint maxime quia aut quidem. Doloribus reiciendis voluptatem ut nesciunt ex aliquam a. Nobis eos omnis aliquam non. Perspiciatis quam quia dicta consequatur.', 3.4, 3, 4, 3.3, 1, 1558868583, 1558868583, 1228, '4', '3', 399, 8899, NULL, NULL, NULL, NULL, NULL, 'http://morissette.org/a-repellendus-ad-ipsum-quam-sint-a', 144),
(888, 'Voluptatibus.', 'http://jenkins.com/', NULL, 'Molestiae praesentium quia in sed. Ipsa sit accusamus nihil at. Ipsa aut delectus at ut ea.', 'Et nisi eos occaecati minus deserunt veritatis accusamus. Aliquid et dolor ipsum autem. Autem optio et illo incidunt.', 3.4, 3.6, 3.6, 2.9, 1, 1558868583, 1558868583, 1229, '2', '1', 299, 7199, NULL, NULL, NULL, NULL, NULL, 'http://www.lehner.info/et-occaecati-et-ab-fugit', 144),
(889, 'Ducimus quis.', 'http://www.osinski.com/ipsa-repellat-nihil-temporibus', NULL, 'Est quia et sapiente dolorem dolorum eligendi. Occaecati aut dolores aliquam.', 'Ullam voluptatem quisquam excepturi facere impedit culpa doloremque. Voluptatem repellat sint molestiae velit corporis facilis.', 3.5, 3.2, 4.3, 3, 1, 1558868583, 1558868583, 1230, '1', '3', 499, 3399, NULL, NULL, NULL, NULL, NULL, 'http://littel.com/qui-accusantium-alias-illo-eos-sunt-magnam-in', 144),
(890, 'Sapiente velit.', 'http://schroeder.com/laudantium-voluptates-omnis-ut-adipisci.html', NULL, 'Et repellendus corrupti quia eveniet. Ab dolorem recusandae repellendus quis repellat beatae porro.', 'Officia blanditiis animi debitis aut voluptates ut voluptatem. Voluptates pariatur voluptatem est iste placeat. Ut ut itaque ut id ipsam at autem.', 2.1, 2.6, 2.4, 1.4, 1, 1558868583, 1558868583, 1231, '4', '1', 399, 6499, NULL, NULL, NULL, NULL, NULL, 'http://www.ortiz.info/non-minus-blanditiis-possimus-adipisci-est-eveniet.html', 144),
(891, 'Ad delectus.', 'https://gerlach.info/aut-repellat-quod-quae-sed-perferendis-qui-iure-reiciendis.html', NULL, 'Voluptas temporibus sed rerum sed. Consequatur odit nam illum nulla ut. Aut officia eum aut.', 'Fugit nisi fugiat ut assumenda ex tempore soluta. Distinctio suscipit soluta mollitia optio neque maxime. In deleniti doloremque qui adipisci eligendi ut magni.', 2.9, 2.9, 3.3, 2.4, 1, 1558868583, 1558868583, 1232, '3', '2', 499, 1199, NULL, NULL, NULL, NULL, NULL, 'http://champlin.biz/ut-incidunt-voluptatum-ex-aliquam-fugit', 145),
(892, 'Blanditiis.', 'http://schuster.com/et-qui-quos-quia-et-qui', NULL, 'Ut et eos nisi dolorum velit. Nihil ut sint qui et dolorem.', 'Aspernatur molestiae soluta dolore. Eos sed quis ut qui. Et doloribus quo veritatis quasi omnis nemo.', 3.1, 3, 3.4, 2.8, 1, 1558868583, 1558868583, 1233, '3', '4', 199, 7399, NULL, NULL, NULL, NULL, NULL, 'https://www.cummerata.com/ullam-eaque-laborum-sit-eum-et-laudantium', 145),
(893, 'Perferendis.', 'http://www.konopelski.net/unde-qui-sed-perspiciatis-aut-corporis-voluptatem', NULL, 'Ut qui minus deserunt. Neque quod voluptas aut incidunt nihil nemo.', 'Rem tempore voluptatibus sunt ipsam ea voluptatum distinctio eum. Rerum modi amet tempore laudantium qui quibusdam. In qui eum error maxime qui. Ut enim quod aut nihil veritatis.', 2.8, 4, 3, 1.5, 1, 1558868583, 1558868583, 1234, '4', '2', 699, 2999, NULL, NULL, NULL, NULL, NULL, 'http://hettinger.com/illo-aut-qui-animi-minima-in-praesentium-aut', 145),
(894, 'Neque est eius.', 'http://www.brown.com/est-voluptatem-iure-molestias-et', NULL, 'Ut qui ullam officiis nostrum. Asperiores quas eum architecto.', 'Voluptatem eum non voluptatem consequatur. Aut ducimus non tenetur nihil id reprehenderit aut. Provident ut quam molestiae dolore quidem.', 3.1, 2.4, 3.8, 3.1, 1, 1558868583, 1558868583, 1235, '4', '1', 299, 1699, NULL, NULL, NULL, NULL, NULL, 'http://runte.com/minima-similique-architecto-repellat-qui-quam-quia-molestiae', 145),
(895, 'Eos vel.', 'http://romaguera.com/nesciunt-dignissimos-harum-excepturi-nulla-sit', NULL, 'Impedit quis aut aut unde assumenda placeat. Quia culpa aut rem aut dolore.', 'Atque et quo ipsam sed. Molestiae qui explicabo facere est repellendus aperiam. Commodi et cum sed velit ad.', 3.1, 2.5, 3.5, 3.3, 1, 1558868583, 1558868583, 1236, '3', '4', 799, 7799, NULL, NULL, NULL, NULL, NULL, 'https://www.hamill.net/et-sint-asperiores-optio-fuga-non-itaque-quaerat', 145),
(896, 'Molestias.', 'http://brakus.net/', NULL, 'Alias voluptatibus magnam magni. Provident vel magnam dignissimos rem ex libero nihil et.', 'Quasi totam ratione sit sed cupiditate rerum. Quidem impedit harum expedita numquam nisi.', 3.3, 5, 1, 4, 1, 1558868583, 1558868583, 1237, '4', '3', 799, 3199, NULL, NULL, NULL, NULL, NULL, 'http://berge.com/', 145),
(897, 'Dolorem quae.', 'http://donnelly.info/culpa-est-perferendis-natus-ad-sit-necessitatibus-distinctio', NULL, 'Nam quas sunt vitae blanditiis. Aut in harum qui quidem et. Quia qui sed ut suscipit.', 'Illum libero est eum. Est aut qui id officiis dolores est iste. Dolor odio quia ut.', 3.1, 3.7, 4.7, 1, 1, 1558868584, 1558868584, 1238, '2', '4', 299, 4299, NULL, NULL, NULL, NULL, NULL, 'http://ondricka.com/', 145),
(898, 'Sunt dolorem.', 'http://www.reynolds.biz/dolorem-accusantium-magnam-est-recusandae.html', NULL, 'Laboriosam est quia suscipit ullam aut. Minima quo at debitis ex esse similique.', 'Ipsam totam illum iste doloremque. Eum quia ut delectus hic optio dicta sed. Quis et quos esse sed accusamus rerum voluptatem.', 3, 3, 2.2, 3.8, 1, 1558868584, 1558868584, 1239, '3', '4', 99, 7199, NULL, NULL, NULL, NULL, NULL, 'http://www.gerlach.com/sed-unde-quisquam-consequatur-totam-et.html', 145),
(899, 'Porro enim.', 'http://zemlak.com/', NULL, 'Id accusamus pariatur sequi facere odio aliquam. Molestiae est eum enim ut.', 'Quod fuga praesentium dolore quia est sed voluptate nihil. Perferendis consequatur ut reiciendis. Id nam cum ea.', 3, 1.9, 3.7, 3.4, 1, 1558868584, 1558868584, 1240, '4', '1', 499, 7299, NULL, NULL, NULL, NULL, NULL, 'http://www.hermiston.biz/', 145),
(900, 'Blanditiis.', 'http://www.barrows.com/', NULL, 'In nemo mollitia beatae. Similique deserunt hic dicta minima ea.', 'Qui minima minus qui qui. Neque quae sed voluptatibus omnis itaque. Quasi perferendis in dolorem ut. Illo quia sit cupiditate quod sit provident.', 3.2, 2.4, 3.4, 3.8, 1, 1558868584, 1558868584, 1241, '3', '2', 399, 5599, NULL, NULL, NULL, NULL, NULL, 'http://www.klein.com/voluptatem-quaerat-veniam-non-distinctio-sit-unde.html', 145),
(901, 'Sed quod quia.', 'http://www.murazik.biz/', NULL, 'Ea sed excepturi dolore. Eos fuga fugit aut sit quia. Et maiores et deleniti nisi.', 'Consequuntur veritatis totam consequuntur aut. Amet itaque asperiores ut qui reiciendis sint occaecati. Facilis culpa labore iure ut placeat ex ea.', 1.7, 1, 3, 1, 1, 1558868584, 1558868584, 1242, '2', '3', 599, 2399, NULL, NULL, NULL, NULL, NULL, 'http://www.jacobson.com/quasi-repellendus-nostrum-saepe-aliquid-unde-saepe-perferendis-labore.html', 146),
(902, 'Iusto officia.', 'http://turcotte.com/', NULL, 'Nam nostrum totam enim totam. Quis possimus temporibus totam non sit sit.', 'Rem eaque eum blanditiis ducimus dignissimos. Nulla sed molestias dolor necessitatibus modi.', 2.6, 2.7, 2.3, 2.7, 1, 1558868584, 1558868584, 1243, '1', '2', 799, 2999, NULL, NULL, NULL, NULL, NULL, 'https://www.powlowski.org/saepe-voluptatem-alias-temporibus-id-quos', 146),
(903, 'Vel qui ut.', 'http://www.bechtelar.com/illum-recusandae-numquam-reiciendis-tenetur-et-qui-corrupti-qui', NULL, 'Dolor iste quo tenetur. Quia amet et dignissimos tempora eos.', 'Sunt debitis necessitatibus eligendi quis. Beatae aut architecto magni eaque voluptatem.', 3.3, 3.8, 3.4, 2.8, 1, 1558868584, 1558868584, 1244, '3', '2', 599, 7399, NULL, NULL, NULL, NULL, NULL, 'http://powlowski.com/', 146),
(904, 'Dolor fugit.', 'http://www.walter.com/', NULL, 'Et non expedita illum optio eligendi aut sed. Culpa et dolor dolor tempore.', 'Beatae est voluptatibus reprehenderit quae. Qui minima enim deleniti tempore. Eaque blanditiis in tenetur. Nisi libero est pariatur et id voluptas.', 2.2, 1.5, 1, 4, 1, 1558868584, 1558868584, 1245, '3', '2', 399, 9899, NULL, NULL, NULL, NULL, NULL, 'http://www.hyatt.com/omnis-temporibus-adipisci-ullam-non', 146),
(905, 'Et eos.', 'http://ortiz.org/aliquid-et-fugit-quidem-qui-ut.html', NULL, 'Earum velit perferendis consequatur. Ut nobis ab esse ratione. Quo sed id at odio at voluptas.', 'Et enim voluptas voluptatem natus vel a et aut. Ipsa modi aliquam atque suscipit omnis nesciunt. Delectus excepturi labore excepturi quis quo quo fugit. Quas voluptatem voluptas nostrum dolorem in.', 3.1, 3.3, 3.2, 2.7, 1, 1558868584, 1558868584, 1246, '1', '4', 499, 9599, NULL, NULL, NULL, NULL, NULL, 'http://www.bednar.com/', 146),
(906, 'Ratione et.', 'http://www.pacocha.com/sit-ipsam-porro-sint-officiis-quibusdam', NULL, 'Atque unde quaerat laudantium nihil recusandae dolorum. Qui doloribus sit quas laboriosam.', 'Numquam at atque autem. Laboriosam ullam dolores odit non ullam ex voluptatem eveniet. Voluptate nam est odio voluptas incidunt voluptas. Iste fuga commodi ipsam magnam.', 3.1, 3.1, 2.8, 3.3, 1, 1558868584, 1558868584, 1247, '1', '2', -1, 6899, NULL, NULL, NULL, NULL, NULL, 'http://www.bins.net/', 146),
(907, 'Quis culpa.', 'http://thiel.com/ipsum-rerum-voluptatibus-sequi-neque', NULL, 'Quia quia quia recusandae. Est autem distinctio dolore autem sed. Dolorum nemo culpa optio et.', 'Sapiente nam eius quia praesentium. Dicta ut in eum corporis et et. Laudantium rem alias voluptas quidem.', 3.3, 2.5, 5, 2.5, 1, 1558868584, 1558868584, 1248, '1', '1', 499, 2999, NULL, NULL, NULL, NULL, NULL, 'http://www.stanton.net/ea-necessitatibus-eaque-quia-odit-distinctio.html', 146),
(908, 'Illo rerum.', 'http://quitzon.com/reprehenderit-est-quis-quis-aliquam.html', NULL, 'Porro aliquam error earum quo quia itaque. Rem ut officiis quasi est est. In voluptatem sed eos.', 'Et aut alias expedita optio expedita. Consequatur totam voluptas quia eveniet at harum dignissimos et. Et aliquid cupiditate et et.', 3.1, 2.3, 3.1, 3.9, 1, 1558868584, 1558868584, 1249, '4', '3', 899, 5099, NULL, NULL, NULL, NULL, NULL, 'http://yundt.net/distinctio-commodi-molestiae-suscipit', 146),
(909, 'Est aut.', 'http://collins.com/odio-doloribus-ex-eius-id-expedita', NULL, 'Eligendi consequuntur dolorem enim illum nam temporibus. Ipsa officia ducimus ipsa fugit.', 'Voluptatem enim eius error qui dolore facere. Quas iusto et voluptate dolor dolor voluptas sed consectetur. Deserunt soluta mollitia atque nam odit. Et distinctio laudantium minus perferendis qui.', 3.3, 2.6, 3.4, 3.8, 1, 1558868584, 1558868584, 1250, '1', '2', 899, 3099, NULL, NULL, NULL, NULL, NULL, 'http://www.hayes.biz/dolores-tenetur-et-dolores', 146),
(910, 'Facilis quod.', 'https://sawayn.net/sit-corrupti-et-consequuntur-architecto-distinctio.html', NULL, 'Tenetur ut qui fuga qui et rem. Eveniet et praesentium consequuntur omnis.', 'Odit provident aut explicabo ipsam quia non sed. Voluptatum unde dicta est eum saepe. Ratione in sunt id est voluptatum sapiente illo. Reiciendis labore labore quia minima culpa officiis.', 3.1, 3.3, 2.4, 3.7, 1, 1558868584, 1558868585, 1251, '1', '2', 499, 7799, NULL, NULL, NULL, NULL, NULL, 'https://www.heller.com/molestias-dolores-qui-est-magnam-beatae-deleniti-aliquid', 146),
(911, 'Quae qui odio.', 'http://www.batz.net/quo-et-eligendi-inventore-quos-dolorem-eligendi-voluptas', NULL, 'Consequatur eum beatae nisi culpa. Rem facilis explicabo labore doloremque aut. Sint est ipsa hic.', 'Atque iure temporibus occaecati. Vel culpa impedit accusamus qui quasi. Est eligendi quo nulla soluta. Iure illo excepturi nemo excepturi.', 2.7, 3, 4, 1, 1, 1558868585, 1558868585, 1252, '1', '3', 199, 1099, NULL, NULL, NULL, NULL, NULL, 'http://collier.com/', 147),
(912, 'Eligendi.', 'http://kuhlman.org/cum-porro-molestiae-possimus-corporis', NULL, 'Sit vel rerum qui itaque vel. Magni et ullam et. Eos et quis eum adipisci quo iste labore.', 'Sit cumque voluptatem nihil accusamus est eveniet rem. Perspiciatis non facere earum eos odit. Provident tempore est provident in. Et ea consequuntur consequuntur et.', 3, 3.4, 3.1, 2.4, 1, 1558868585, 1558868585, 1253, '3', '1', -1, 5699, NULL, NULL, NULL, NULL, NULL, 'http://king.info/illum-aut-fuga-distinctio-in', 147),
(913, 'Beatae sunt.', 'http://www.okon.com/in-tempore-dolorem-dignissimos-eum-eos.html', NULL, 'Laudantium facere maxime corporis quia. Aut consequuntur et atque.', 'Nostrum pariatur assumenda esse enim consequatur expedita commodi. Ut quia dolore omnis ratione sed saepe id. Odit modi rerum iusto. Sit ea nihil atque quia distinctio quia id.', 3.2, 2.5, 3.3, 3.8, 1, 1558868585, 1558868585, 1254, '2', '4', 499, 4799, NULL, NULL, NULL, NULL, NULL, 'https://zieme.com/error-quasi-nostrum-dignissimos-nemo-ab-quos.html', 147),
(914, 'Similique.', 'http://cole.com/cum-recusandae-quam-repudiandae-distinctio.html', NULL, 'Consequatur beatae omnis est. Voluptates molestiae unde ut magnam assumenda.', 'Nihil quidem aut est ut minima est. Autem error corporis mollitia laudantium qui laboriosam magni officiis. Sed tempora necessitatibus pariatur dolorem earum odit vel.', 3.4, 3.6, 3.4, 3.3, 1, 1558868585, 1558868585, 1255, '1', '4', 999, 3599, NULL, NULL, NULL, NULL, NULL, 'https://franecki.org/mollitia-sed-delectus-rerum-dolor-delectus-voluptatum.html', 147),
(915, 'Qui vel quos.', 'https://www.nicolas.com/dignissimos-voluptatibus-ratione-et-et-unde', NULL, 'Repudiandae numquam qui sunt. Debitis eos saepe in maiores molestias incidunt quia sunt.', 'Enim et sed expedita sequi. Non rerum ducimus distinctio ut qui nihil blanditiis animi. Nam occaecati quod aut maiores cumque labore sit. Debitis voluptas dignissimos molestiae aut quo eligendi qui.', 3.4, 3.6, 3.2, 3.4, 1, 1558868585, 1558868585, 1256, '4', '3', 599, 6299, NULL, NULL, NULL, NULL, NULL, 'http://hickle.biz/in-recusandae-dolorum-quae-et.html', 147),
(916, 'Qui sunt.', 'http://skiles.com/', NULL, 'Nobis id id quas deserunt qui libero magnam. Voluptatum molestiae necessitatibus tempora itaque.', 'Sint iure omnis itaque quia deserunt aut modi. Rerum itaque incidunt eum voluptatem et. Voluptatem ut hic consectetur vel.', 2.7, 2.7, 2.5, 3, 1, 1558868585, 1558868585, 1257, '3', '1', 99, 2399, NULL, NULL, NULL, NULL, NULL, 'http://dare.com/provident-voluptatum-laborum-eos-commodi-deleniti.html', 147),
(917, 'Libero non.', 'http://ondricka.com/perferendis-enim-veritatis-aspernatur-omnis-nesciunt-iusto', NULL, 'Minus officia quas molestiae sunt quidem illo. Sint quidem minus et velit id. Et rem vel itaque.', 'Earum quo laudantium necessitatibus nisi eos. Ab exercitationem temporibus autem reiciendis. Dicta sed soluta quasi et voluptatibus autem adipisci.', 3.5, 3.5, 3.5, 3.5, 1, 1558868585, 1558868585, 1258, '3', '3', 199, 6799, NULL, NULL, NULL, NULL, NULL, 'http://stanton.com/', 147),
(918, 'Voluptatum ex.', 'https://ondricka.info/commodi-assumenda-cumque-porro-ut-sit-laborum-voluptas.html', NULL, 'Nihil officiis sit est qui. Et asperiores dolorem rerum voluptatem numquam corporis.', 'Tenetur sed et quod quaerat et autem suscipit. Distinctio laborum quo cumque cumque ut.', 2.6, 3.3, 2.3, 2.3, 1, 1558868585, 1558868585, 1259, '4', '3', 799, 3899, NULL, NULL, NULL, NULL, NULL, 'http://dietrich.org/fuga-explicabo-molestiae-cum-quibusdam-omnis-culpa', 147),
(919, 'Recusandae.', 'https://www.stroman.net/consequuntur-eum-provident-et-esse-est-rerum-sint', NULL, 'Officiis libero ea magnam. Quis ullam dolorum omnis aperiam aut quam nulla voluptatem.', 'Ipsum recusandae adipisci explicabo odit delectus. Similique eius officia quia ducimus aut. Dolorum et eius adipisci molestiae.', 3, 3, 5, 1, 1, 1558868585, 1558868585, 1260, '1', '3', 699, 7499, NULL, NULL, NULL, NULL, NULL, 'http://www.breitenberg.biz/nam-atque-natus-sapiente-expedita', 147),
(920, 'Sapiente sed.', 'http://www.stracke.com/asperiores-sed-odit-sint-ducimus-optio-non-expedita-quisquam', NULL, 'Quia soluta et nam minus. Mollitia facilis dicta in occaecati. Hic et earum exercitationem culpa.', 'Rerum nisi fuga unde qui id. Non illum eos maxime eos illum est. Aut aliquam impedit nobis debitis accusantium inventore. Ducimus deleniti pariatur soluta ratione.', 3.3, 3, 3.7, 3.3, 1, 1558868585, 1558868585, 1261, '1', '2', 599, 5999, NULL, NULL, NULL, NULL, NULL, 'http://lang.com/', 147),
(921, 'Dolores et aut.', 'https://www.mante.com/ab-maiores-harum-consectetur', NULL, 'Vel vitae consequatur et accusantium. Sunt beatae praesentium placeat iure repudiandae.', 'Id sit magni nihil harum. In quo quaerat ea est. Velit ipsam exercitationem ea amet. Quam totam cumque necessitatibus sed et.', 3, 3.3, 2, 3.7, 1, 1558868585, 1558868585, 1262, '4', '3', 299, 8299, NULL, NULL, NULL, NULL, NULL, 'http://www.orn.com/eos-veritatis-a-officiis-nesciunt-explicabo-enim', 148),
(922, 'Repellendus.', 'https://spinka.com/non-dolores-officiis-labore-est-tempora.html', NULL, 'Et corrupti ut laborum natus ut. Aperiam quas sed vitae eos voluptatem.', 'In iure qui omnis laborum rem. Molestiae consequuntur et vero perferendis. Nihil nulla cumque eos accusamus cumque in perferendis.', 3.2, 2, 2.5, 5, 1, 1558868585, 1558868585, 1263, '2', '3', 699, 7299, NULL, NULL, NULL, NULL, NULL, 'http://ferry.com/', 148),
(923, 'Dolore velit.', 'https://maggio.biz/dolorum-tempora-repudiandae-modi.html', NULL, 'Quae minus culpa quos id. Dolorum in excepturi quia nesciunt earum consequatur.', 'Distinctio voluptatibus facilis aut et earum. Molestiae ut dolorem adipisci libero eos eaque tenetur. Beatae et debitis tempore.', 2.8, 3.4, 2.7, 2.3, 1, 1558868585, 1558868585, 1264, '2', '4', 399, 9399, NULL, NULL, NULL, NULL, NULL, 'http://heathcote.com/ipsum-est-incidunt-dolore-non-aut-id.html', 148),
(924, 'Voluptates.', 'http://www.graham.net/incidunt-quis-ut-assumenda-dolorem-molestias-quaerat-reprehenderit', NULL, 'Rem libero quidem soluta libero quisquam placeat pariatur. Vitae dolorem nesciunt sequi enim.', 'Nisi aut laudantium possimus nesciunt provident nulla. Libero fugit nemo doloremque fugiat. Quod consequatur perferendis odio rerum ea eveniet.', 2.8, 2.3, 3.4, 2.6, 1, 1558868585, 1558868586, 1265, '3', '4', 899, 9499, NULL, NULL, NULL, NULL, NULL, 'http://www.blanda.biz/harum-aspernatur-repellendus-nulla-nulla-dignissimos-enim-eligendi.html', 148),
(925, 'Necessitatibus.', 'https://www.jacobs.com/hic-eligendi-eveniet-et-odit-minima-voluptas-dolore', NULL, 'Similique eos saepe dolores eos harum iste. Quisquam velit consequatur deleniti commodi.', 'Assumenda fugiat repellendus ut hic nostrum fugit corrupti. Error modi et maiores est. Sapiente aut pariatur excepturi. Ad ea ea omnis sit.', 3.3, 3.3, 3, 3.7, 1, 1558868586, 1558868586, 1266, '2', '2', 799, 3699, NULL, NULL, NULL, NULL, NULL, 'http://www.oberbrunner.com/facilis-inventore-illo-numquam-quia-pariatur-itaque-mollitia-eos', 148),
(926, 'Exercitationem.', 'http://bins.com/et-similique-aut-et-saepe', NULL, 'Libero in ut harum est ad vitae. Tempora nulla similique ab dolores mollitia aut eveniet.', 'Rerum voluptas aspernatur odio. Aliquid enim tempore voluptate mollitia quod. Consequatur voluptates veniam odio.', 3, 2.6, 2.7, 3.6, 1, 1558868586, 1558868586, 1267, '1', '1', 699, 3499, NULL, NULL, NULL, NULL, NULL, 'http://bayer.info/perferendis-minima-aliquid-minima-est-ad-voluptates', 148),
(927, 'Id repellendus.', 'https://www.becker.com/animi-officia-occaecati-praesentium-qui-fugiat', NULL, 'Aut quidem molestiae voluptas est. Adipisci sed omnis quae rerum fugit.', 'Provident dolorem exercitationem magni autem. Laborum rerum reprehenderit eaque repudiandae. Eum tempore id dolor omnis minima quasi et. Molestiae eius facilis culpa quo animi quisquam.', 3, 2.2, 3.2, 3.5, 1, 1558868586, 1558868586, 1268, '1', '4', 199, 1299, NULL, NULL, NULL, NULL, NULL, 'http://bahringer.com/explicabo-voluptas-atque-omnis.html', 148),
(928, 'Ducimus quidem.', 'http://www.roberts.biz/tempora-quaerat-deserunt-velit-occaecati-quia-reiciendis-occaecati', NULL, 'Voluptas non sed aut. Omnis sunt labore explicabo eum voluptatem.', 'Et sequi consectetur alias sit eveniet. Laborum possimus ducimus dicta nesciunt distinctio esse. Corporis mollitia exercitationem ipsam tempora.', 3.1, 2.8, 3.8, 2.8, 1, 1558868586, 1558868586, 1269, '3', '3', 199, 5599, NULL, NULL, NULL, NULL, NULL, 'http://russel.com/est-magni-nihil-vitae-rerum.html', 148),
(929, 'A laboriosam.', 'http://www.heller.com/deleniti-consequatur-voluptatibus-iure-qui-nostrum', NULL, 'Unde labore laboriosam molestias natus incidunt eum et. Autem tempore necessitatibus atque tempora.', 'Minus aut ullam velit magni nisi porro. Rem sed quo dolor quasi qui. Totam qui assumenda quos et modi itaque numquam.', 3.3, 3.3, 3.3, 3.3, 1, 1558868586, 1558868586, 1270, '4', '1', 899, 3499, NULL, NULL, NULL, NULL, NULL, 'http://www.stracke.com/', 148),
(930, 'Vel accusamus.', 'http://maggio.com/nulla-in-earum-accusantium-asperiores-aut-consectetur-amet.html', NULL, 'Quia asperiores et nisi. Hic consequatur voluptatem aperiam exercitationem amet maxime neque.', 'Facere quo dolores quod tenetur illo tempora consequatur. Nihil natus optio omnis ut quia at. Omnis occaecati quas neque fugiat eius. Possimus et omnis a.', 3.7, 5, 4, 2, 1, 1558868586, 1558868586, 1271, '1', '2', 99, 9599, NULL, NULL, NULL, NULL, NULL, 'https://www.dietrich.org/libero-tempora-amet-et-illum', 148),
(931, 'Eligendi.', 'http://www.bergnaum.com/amet-unde-velit-sit-dolores', NULL, 'Voluptatum praesentium vitae et. Atque saepe beatae ut. Vitae magni voluptatem eum.', 'Et vel voluptas dolores mollitia veniam et. Saepe numquam consectetur qui sit placeat autem velit eos. Quas velit odit quasi adipisci. Est nihil quidem voluptatem earum consequatur.', 3.3, 3.9, 3.1, 2.8, 1, 1558868586, 1558868586, 1272, '3', '3', 199, 9299, NULL, NULL, NULL, NULL, NULL, 'http://wisozk.com/sit-amet-atque-est-delectus-a-distinctio', 149),
(932, 'Quia aliquam.', 'https://www.rippin.com/vitae-recusandae-qui-a-illo-et', NULL, 'Nobis consectetur nobis repellendus. Optio aut culpa enim qui quam ex sunt.', 'Et sed aut iste. At sint dolorum ut. Tempore expedita nisi fugit laborum delectus ullam perferendis.', 3.4, 3.3, 3.6, 3.3, 1, 1558868586, 1558868586, 1273, '2', '3', -1, 5999, NULL, NULL, NULL, NULL, NULL, 'http://satterfield.net/voluptatem-cupiditate-ut-modi-aut-aliquid-at-vel-et.html', 149),
(933, 'Iste.', 'https://www.wisoky.info/error-autem-ex-perferendis-quidem', NULL, 'Possimus asperiores porro quos reiciendis. Ea cum quis qui.', 'Quisquam quisquam et qui consequatur. Eius culpa autem ab sit voluptatem deleniti autem. Qui ea nesciunt qui dolorum soluta. Earum ut quisquam odio ut adipisci aperiam.', 3, 3, 3, 3, 1, 1558868586, 1558868586, 1274, '3', '3', 499, 4899, NULL, NULL, NULL, NULL, NULL, 'http://www.smith.com/quia-inventore-numquam-modi', 149),
(934, 'Ducimus.', 'http://www.murazik.com/', NULL, 'Ut modi fugit magni incidunt ipsum et. Est deleniti repellendus ullam quod.', 'Et eius voluptatem alias eos magnam temporibus sed rerum. Omnis debitis aut fugiat vero aut. Provident omnis aut repudiandae animi pariatur quia. Id iste ab suscipit et.', 3.3, 4, 2, 4, 1, 1558868586, 1558868586, 1275, '4', '3', 799, 7699, NULL, NULL, NULL, NULL, NULL, 'http://www.mitchell.com/est-rerum-corporis-reprehenderit-sapiente-eaque-accusamus', 149),
(935, 'Assumenda qui.', 'https://quitzon.net/facere-esse-occaecati-et-nemo-harum-vel-in.html', NULL, 'Omnis illo nobis ut nihil. Omnis ut ut non ut qui iste. Itaque commodi nisi dolorem et.', 'Fugit dolorem consequatur ut tempore. Provident voluptatem aut nobis quam consequuntur adipisci. Qui dolor quisquam soluta voluptas deserunt. Eum animi rem sint in.', 3.1, 3, 3, 3.3, 1, 1558868586, 1558868586, 1276, '2', '3', 499, 3899, NULL, NULL, NULL, NULL, NULL, 'http://www.grimes.info/dolorem-vitae-voluptatem-reprehenderit-libero', 149),
(936, 'Aliquam.', 'https://www.schulist.org/dolor-sequi-quos-quia-facere-voluptatem', NULL, 'Amet beatae qui in. Facere ipsam beatae at maiores perspiciatis enim harum eaque.', 'Velit atque sunt reiciendis aperiam veniam fugiat maiores. Sint ex laudantium magni libero. Neque sit nulla ut in in. Quis quas quaerat sequi nihil et magnam id.', 3.3, 4, 2, 4, 1, 1558868586, 1558868586, 1277, '3', '4', 899, 2299, NULL, NULL, NULL, NULL, NULL, 'http://www.ferry.com/optio-voluptatem-voluptas-quisquam-recusandae-tempora', 149),
(937, 'Est quos atque.', 'http://www.abbott.com/pariatur-neque-doloribus-et-cum-modi', NULL, 'Eos autem cumque laboriosam molestiae sunt vero pariatur. Ipsam non atque minima corporis.', 'Quam eveniet fuga ipsum. Doloremque amet in assumenda dolor nemo ut voluptatibus. Et qui omnis illum modi et praesentium.', 2.3, 2, 2.6, 2.3, 1, 1558868586, 1558868587, 1278, '3', '4', 699, 5199, NULL, NULL, NULL, NULL, NULL, 'http://www.prohaska.com/', 149),
(938, 'Assumenda sed.', 'http://www.kilback.info/', NULL, 'Porro qui est recusandae et. Odio non culpa rerum rerum debitis. Et qui molestias enim quia.', 'Blanditiis dolor est repudiandae voluptatum asperiores repellendus. Nihil quia eaque et quis qui. Quis commodi laboriosam et non culpa accusantium.', 2.8, 2.9, 2.6, 3, 1, 1558868587, 1558868587, 1279, '4', '4', 499, 6099, NULL, NULL, NULL, NULL, NULL, 'http://www.gislason.com/necessitatibus-dolores-distinctio-qui-at', 149),
(939, 'Id dolor aut.', 'http://www.grimes.com/voluptas-iste-rerum-ut.html', NULL, 'Aliquid aut vel consequuntur rerum. Quidem expedita ut debitis quidem sunt qui iure.', 'Natus quod maiores in nisi sed. Non recusandae odit quia repellat. Corporis itaque necessitatibus esse ea rem optio. Temporibus veritatis ut nostrum autem.', 3, 3.3, 2.7, 2.9, 1, 1558868587, 1558868587, 1280, '1', '1', 899, 4599, NULL, NULL, NULL, NULL, NULL, 'http://www.ebert.com/ullam-provident-reiciendis-sunt-et', 149),
(940, 'Adipisci harum.', 'https://www.roberts.com/perferendis-tenetur-sed-fugit-voluptate-est', NULL, 'Magnam et fugit quae eligendi ipsam. Doloribus voluptatem ad suscipit sed.', 'A consequuntur ullam repellendus eos. Quia expedita animi voluptatum praesentium rerum itaque omnis. Saepe dignissimos aut deleniti rem animi. Ipsum nostrum quibusdam dolorem.', 3, 2.6, 3, 3.3, 1, 1558868587, 1558868587, 1281, '2', '2', 199, 5799, NULL, NULL, NULL, NULL, NULL, 'http://metz.org/', 149),
(941, 'Exercitationem.', 'http://www.bergstrom.com/', NULL, 'Ad eius aut atque in ad labore. Amet est tenetur eaque unde maiores.', 'Est deserunt quis error fugit deserunt a voluptatem. Placeat aliquid dolor consectetur doloribus ea. Sunt qui dolores asperiores alias enim. Nemo ipsum ut recusandae ut mollitia at.', 2.4, 2.7, 2.2, 2.4, 1, 1558868587, 1558868587, 1282, '4', '3', 899, 9099, NULL, NULL, NULL, NULL, NULL, 'http://bednar.info/aspernatur-at-doloremque-quam-nulla-earum-aut-eius.html', 150),
(942, 'Eligendi.', 'https://hermann.com/provident-nulla-sed-et-molestias-quod-optio-error.html', NULL, 'Quia nihil doloremque officia autem quia. Eveniet itaque eum nesciunt suscipit mollitia.', 'Sit quis quasi consequuntur et id dolorem. Pariatur ut pariatur veritatis praesentium. Impedit hic eaque necessitatibus unde et. Similique mollitia et dolor ducimus dolore minus.', 2.5, 2, 3.2, 2.4, 1, 1558868587, 1558868587, 1283, '3', '2', 799, 3899, NULL, NULL, NULL, NULL, NULL, 'http://conroy.com/', 150),
(943, 'Et quia quod.', 'http://mills.com/exercitationem-iusto-neque-adipisci-magnam-blanditiis', NULL, 'Qui dignissimos voluptatem id totam. Nobis voluptas voluptate officiis quis et ratione vero.', 'Consequatur mollitia quisquam consequuntur et facilis voluptatum. Cumque nemo ipsa ducimus incidunt impedit. Soluta asperiores at perferendis qui facere. Qui molestiae quam nemo ut hic vitae.', 3.3, 2.9, 3.5, 3.6, 1, 1558868587, 1558868587, 1284, '1', '3', 699, 3799, NULL, NULL, NULL, NULL, NULL, 'http://stoltenberg.com/', 150),
(944, 'Dolore quia.', 'https://www.cruickshank.com/dolor-esse-incidunt-ea-sed-quasi', NULL, 'Qui illo odio autem. Quod pariatur voluptatem voluptatum recusandae rerum placeat.', 'Accusantium velit enim sint unde omnis quibusdam cumque. Sint est esse dignissimos et dolore iure. Dolore eum praesentium id amet. Eum pariatur possimus culpa illo.', 3.2, 3.8, 2.5, 3.3, 1, 1558868587, 1558868587, 1285, '4', '2', 199, 3799, NULL, NULL, NULL, NULL, NULL, 'http://www.heathcote.com/itaque-laborum-a-tempora.html', 150),
(945, 'Reiciendis.', 'http://www.kshlerin.org/voluptas-repudiandae-vel-molestias-dolorem', NULL, 'Dolores omnis ducimus similique repellendus. Molestiae quos dolores vel veniam qui dolores officia.', 'Laboriosam qui quaerat assumenda dolores eum sit. Velit quisquam aut minus magni dolor natus corrupti. Consequatur tempora ut neque illum beatae.', 3, 3, 3.4, 2.6, 1, 1558868587, 1558868587, 1286, '3', '1', 699, 3199, NULL, NULL, NULL, NULL, NULL, 'http://kuphal.com/quia-placeat-officiis-id-repellat-ut', 150),
(946, 'Vitae.', 'http://raynor.com/quia-at-voluptas-fuga-non-minus', NULL, 'Sed nihil earum sed autem. Aliquam recusandae at suscipit sed. Ex quibusdam odit nostrum quia.', 'Ducimus mollitia autem delectus et ipsum est quidem. In ut voluptate laborum quo eligendi perspiciatis perspiciatis. Vel molestias veniam nihil perspiciatis suscipit nihil recusandae rem.', 3.2, 3.1, 3.1, 3.3, 1, 1558868587, 1558868587, 1287, '4', '4', 899, 6499, NULL, NULL, NULL, NULL, NULL, 'http://sanford.biz/ut-repellendus-odit-recusandae-praesentium-eum-expedita-facilis-in', 150),
(947, 'Molestias quia.', 'http://schiller.com/asperiores-rerum-qui-nemo-aut.html', NULL, 'Nesciunt commodi earum odio assumenda non vel. Qui voluptate impedit ipsum ratione sit.', 'Iusto voluptates provident dignissimos officiis eligendi. Dolor eos adipisci voluptas similique dicta aut. Hic et architecto sit in est asperiores et. Rerum adipisci dicta officiis tempora optio.', 3.2, 3.4, 3.4, 2.8, 1, 1558868587, 1558868587, 1288, '1', '1', 899, 2699, NULL, NULL, NULL, NULL, NULL, 'http://www.wilderman.org/tenetur-a-illum-beatae-magni-beatae-aspernatur-quos', 150),
(948, 'Aspernatur.', 'http://cassin.com/dolore-voluptatem-libero-porro-ad-assumenda-veritatis.html', NULL, 'Quisquam maiores voluptate aliquid mollitia. Saepe totam eaque corrupti placeat accusamus.', 'Omnis natus quibusdam fugit deserunt corporis minus. Saepe id maxime quod sed. Fugit eum nostrum corporis. Autem sed ducimus est recusandae ducimus.', 2.8, 1.5, 3.5, 3.5, 1, 1558868587, 1558868587, 1289, '1', '3', 599, 3699, NULL, NULL, NULL, NULL, NULL, 'http://fadel.com/consequatur-dolor-voluptate-nulla-laudantium-voluptas.html', 150),
(949, 'Vel temporibus.', 'http://www.considine.com/', NULL, 'A repellat et explicabo. Pariatur harum quasi quae neque. Distinctio sed qui molestiae.', 'Culpa est consequatur fugit. Asperiores cupiditate tempora omnis minima dolorum blanditiis officiis.', 3.5, 4.5, 2.5, 3.5, 1, 1558868588, 1558868588, 1290, '4', '1', 399, 5799, NULL, NULL, NULL, NULL, NULL, 'http://rowe.com/id-blanditiis-voluptates-vitae-autem-quaerat', 150),
(950, 'Quis est.', 'https://yost.com/eos-qui-rerum-sint-libero-sed.html', NULL, 'Asperiores saepe dolores qui rerum rerum. Nobis ut quidem maiores non. Commodi esse voluptate a.', 'Dolore voluptatem velit unde quis nesciunt eius sed. Quis veniam harum aut. Fuga et molestiae fuga laudantium voluptatem.', 3, 3.4, 2.7, 3, 1, 1558868588, 1558868588, 1291, '2', '1', 299, 1799, NULL, NULL, NULL, NULL, NULL, 'https://www.vonrueden.biz/et-nostrum-eos-vel-delectus-labore-dolor-vitae', 150),
(951, 'Possimus saepe.', 'http://wisoky.info/beatae-est-quam-est-voluptates-iusto.html', NULL, 'Aut minima non accusamus qui deleniti. Cumque nisi earum ea ut. Ea eveniet repudiandae et quis.', 'Quia hic voluptatem voluptatem non consequuntur quos. Quia ab sed porro. Earum id ut rerum quia veniam aut praesentium assumenda.', 3.4, 3, 4.5, 2.8, 1, 1558868588, 1558868588, 1292, '2', '1', 99, 7399, NULL, NULL, NULL, NULL, NULL, 'http://larson.info/ea-animi-et-asperiores-voluptatem', 151),
(952, 'Eligendi id.', 'http://mcglynn.biz/asperiores-voluptatibus-placeat-sit', NULL, 'Et reprehenderit aut et ullam dignissimos numquam. Corrupti qui dolores quidem perspiciatis.', 'Explicabo debitis eum earum et error laudantium et aliquam. Autem commodi eaque at id. Ipsam voluptatibus inventore nam atque saepe in. Eligendi ratione at non ex doloribus porro.', 2.3, 2, 3, 2, 1, 1558868588, 1558868588, 1293, '4', '2', 999, 2199, NULL, NULL, NULL, NULL, NULL, 'https://www.wintheiser.com/explicabo-sapiente-aspernatur-id-nostrum-doloremque', 151),
(953, 'Commodi iusto.', 'http://www.ohara.biz/ab-quae-ut-ipsum-ex-nisi-non.html', NULL, 'Perspiciatis adipisci nulla harum sint. Voluptatem consectetur porro eum et.', 'Eum illum delectus minus dolorem beatae magnam voluptate ut. Doloribus quaerat voluptatem asperiores rem laudantium. Veniam omnis nobis rerum dolor distinctio deleniti vel ipsam.', 4.3, 5, 3, 5, 1, 1558868588, 1558868588, 1294, '3', '2', -1, 1399, NULL, NULL, NULL, NULL, NULL, 'http://cummings.org/sed-nihil-voluptatibus-aut', 151),
(954, 'Numquam.', 'http://www.donnelly.biz/voluptates-voluptatem-voluptate-expedita-velit.html', NULL, 'Eius illum maiores illum deleniti cumque beatae. Vel molestias ut nihil ut consequuntur.', 'At nulla possimus eveniet sint quidem ullam eum rerum. Velit perferendis maiores animi vero. Sit magni assumenda eligendi.', 1.7, 1, 3, 1, 1, 1558868588, 1558868588, 1295, '1', '2', 99, 9699, NULL, NULL, NULL, NULL, NULL, 'http://www.wiegand.com/asperiores-velit-quis-ipsa-eaque-officiis.html', 151),
(955, 'In qui animi.', 'http://johns.info/quia-ad-fugit-tenetur-necessitatibus', NULL, 'Necessitatibus beatae quae reiciendis. Molestiae error sit odit consequatur rerum.', 'Quidem voluptatem nisi sunt cumque perferendis et. Velit voluptas ea in hic qui.', 4.2, 4, 4.5, 4, 1, 1558868588, 1558868588, 1296, '2', '1', 599, 7799, NULL, NULL, NULL, NULL, NULL, 'https://www.mayert.com/optio-aperiam-voluptates-quis-cum-qui-est', 151),
(956, 'Totam maxime.', 'http://www.rutherford.com/totam-perspiciatis-voluptatem-ex-laudantium.html', NULL, 'Rem beatae dolores unde qui qui ex natus. In libero est assumenda facere expedita quo.', 'Tenetur eum ad quasi inventore. Rerum velit iste sit ut non itaque omnis sit. Blanditiis sit ipsa aut et dolore necessitatibus. Nulla et harum ex impedit.', 2.5, 3.2, 1.8, 2.6, 1, 1558868588, 1558868588, 1297, '3', '1', 599, 6299, NULL, NULL, NULL, NULL, NULL, 'http://www.rogahn.com/', 151),
(957, 'Ut voluptatem.', 'http://armstrong.com/id-aut-impedit-eum-alias-ipsam', NULL, 'Laboriosam voluptatem ipsa qui eaque consequatur libero. Beatae neque omnis molestias expedita.', 'Voluptas quidem dolores sed rem delectus eum quia dolores. Et numquam possimus facilis omnis unde. Voluptatum dolorem minus quos incidunt placeat iusto. Eum culpa molestiae ea rerum.', 2.9, 2.8, 2.5, 3.3, 1, 1558868588, 1558868588, 1298, '1', '1', 99, 8599, NULL, NULL, NULL, NULL, NULL, 'http://leannon.com/', 151),
(958, 'Dolor.', 'http://bradtke.com/ea-dolorum-officia-qui-quis-quia-quia-incidunt.html', NULL, 'Dolorum quo ullam est odit autem laborum. Eveniet eveniet et ad eius nemo.', 'Voluptatem eos ea occaecati possimus officia dolorem sequi. Molestias vero culpa labore in pariatur harum harum sapiente. Voluptatem nihil assumenda omnis autem ea.', 3.2, 3.1, 3.3, 3.3, 1, 1558868588, 1558868588, 1299, '1', '3', 99, 2099, NULL, NULL, NULL, NULL, NULL, 'https://www.gutmann.net/eius-labore-accusamus-ad-ut', 151),
(959, 'Maxime tempora.', 'http://beer.biz/aut-quidem-magni-dicta-temporibus-vero', NULL, 'Unde dolores et itaque pariatur ab. Pariatur dicta accusantium cum excepturi quod.', 'Ut et id sapiente quibusdam. Ut beatae praesentium soluta blanditiis explicabo distinctio. Nulla ea ut et et sunt culpa. Sed maiores doloremque molestiae.', 3.1, 3.2, 2.8, 3.2, 1, 1558868588, 1558868588, 1300, '2', '4', 699, 4599, NULL, NULL, NULL, NULL, NULL, 'http://www.weissnat.com/', 151),
(960, 'Repudiandae.', 'https://www.rogahn.biz/et-pariatur-ducimus-consequatur-accusamus-tempore-numquam-doloribus', NULL, 'Quas ullam vel aspernatur saepe. Mollitia eaque minus dolore dolor placeat.', 'Laborum itaque nobis recusandae voluptatem est qui. Sint voluptas saepe est provident pariatur repudiandae. Illum eaque sit est consequatur et. Id qui quo nostrum omnis excepturi quidem ullam.', 3, 4, 3, 2, 1, 1558868588, 1558868588, 1301, '2', '1', 599, 7399, NULL, NULL, NULL, NULL, NULL, 'http://mcclure.com/sit-maiores-consequatur-non-vitae-et-praesentium-vel', 151),
(961, 'Voluptatibus.', 'http://bahringer.com/nemo-nisi-nesciunt-soluta-distinctio-consequatur-modi-qui-id', NULL, 'Optio ab aperiam sit. Dolores accusamus commodi est. Odit vel in sunt suscipit.', 'Accusantium cum et neque nulla. Voluptates facilis minima rerum impedit quod magni. Dignissimos consequatur ut eos at velit dolores. Non perferendis et sed pariatur omnis.', 4, 4.7, 3.3, 4, 1, 1558868588, 1558868588, 1302, '4', '1', 99, 2999, NULL, NULL, NULL, NULL, NULL, 'http://zemlak.com/dolores-dolor-ut-tenetur-molestias-reprehenderit', 152),
(962, 'Ipsa voluptate.', 'http://www.gibson.net/error-fugit-earum-excepturi-qui-iusto-qui-et.html', NULL, 'Impedit dolor dolore sint non. Ut pariatur in sint quia.', 'Minima neque sed consectetur quis cumque. Accusantium sed id quas quos eligendi. Harum a perspiciatis est rerum et qui. Illum et porro omnis. Pariatur modi omnis illum quaerat. Ea illo ipsum ducimus.', 3.2, 3.4, 3.4, 2.8, 1, 1558868588, 1558868588, 1303, '3', '1', 499, 1099, NULL, NULL, NULL, NULL, NULL, 'http://www.hills.com/ut-in-quia-fuga-omnis', 152),
(963, 'Similique.', 'https://www.boyle.com/sed-quae-suscipit-facilis-minus', NULL, 'Sapiente fugit nulla iure et quo qui distinctio. Nesciunt nihil asperiores est. Id eos et vero.', 'Doloribus et perferendis voluptatem beatae ut odio. Corporis ut alias voluptatem sapiente quo rerum dolor ab. Et quas fugit quos ea. Tempora nihil ut error optio. Quia necessitatibus quia aut dolor.', 3.1, 3.4, 3.3, 2.7, 1, 1558868588, 1558868588, 1304, '4', '1', 199, 6199, NULL, NULL, NULL, NULL, NULL, 'http://www.toy.org/atque-expedita-et-et-nemo-doloremque.html', 152),
(964, 'Saepe quisquam.', 'http://www.deckow.com/', NULL, 'Vitae vel et expedita. Consequatur in ut magni aut ea quaerat repellat nam.', 'Quo deserunt perspiciatis omnis. Harum illo recusandae quia blanditiis eligendi enim quis. Quibusdam totam sed eum veniam. Praesentium voluptatem esse vitae id.', 3.3, 3, 3.5, 3.4, 1, 1558868588, 1558868588, 1305, '2', '4', 299, 4099, NULL, NULL, NULL, NULL, NULL, 'http://crist.biz/cum-et-est-occaecati-fuga-in-hic-officiis', 152),
(965, 'Atque sed.', 'http://www.hoppe.biz/maxime-animi-rerum-nulla-natus-omnis-nesciunt-maxime.html', NULL, 'Qui adipisci nihil facilis saepe fuga quisquam. Quia earum odio ab.', 'Dolorum veritatis vero labore et. Numquam quis ut impedit rerum minima. Occaecati beatae in explicabo exercitationem similique.', 3.4, 3.6, 2.7, 3.8, 1, 1558868588, 1558868589, 1306, '4', '4', 699, 8399, NULL, NULL, NULL, NULL, NULL, 'http://kulas.com/ea-natus-consequatur-quo-dolor-qui-est', 152),
(966, 'Reiciendis.', 'https://www.lehner.org/incidunt-atque-cum-voluptatem-velit', NULL, 'Ducimus labore maiores eius illum earum aperiam nam. Odio nulla et dolor at consequatur.', 'In deleniti dolore accusantium consectetur facere consequatur quibusdam non. Nostrum ducimus sunt tenetur alias sit sint quam voluptatem. Omnis odit cumque et quod rerum.', 2.7, 5, 1, 2, 1, 1558868589, 1558868589, 1307, '4', '1', 799, 5699, NULL, NULL, NULL, NULL, NULL, 'http://www.bosco.com/tempora-necessitatibus-dolor-aut-itaque-quos.html', 152),
(967, 'Incidunt.', 'https://glover.com/doloremque-vitae-inventore-et-dolores-voluptatem-velit.html', NULL, 'Perspiciatis aut occaecati nihil nobis dolorem aut eius. Et et impedit omnis qui.', 'Vel tempora et neque at voluptatem. Qui autem ut voluptatem odit sit dolorem quisquam. Ab qui ut voluptatum harum perspiciatis. Qui tempore dicta non culpa.', 3.3, 4, 3.3, 2.7, 1, 1558868589, 1558868589, 1308, '4', '4', 999, 4899, NULL, NULL, NULL, NULL, NULL, 'http://mayer.com/distinctio-sit-impedit-autem-totam-et-aspernatur', 152),
(968, 'Sed est.', 'http://mohr.net/nesciunt-aut-amet-autem-repellat', NULL, 'Provident dolorem sed ut nobis ducimus. Nobis aut veritatis eum.', 'Ut quod dolorem omnis maiores et ipsam aperiam et. Ea vel nostrum esse architecto nisi hic occaecati. Mollitia nam accusantium et nostrum reiciendis quisquam. Ex quaerat iste quia.', 2.8, 3, 1.8, 3.5, 1, 1558868589, 1558868589, 1309, '3', '4', 499, 5999, NULL, NULL, NULL, NULL, NULL, 'https://howell.com/est-nam-quas-aperiam.html', 152),
(969, 'Doloribus.', 'https://www.roberts.com/non-quos-velit-libero', NULL, 'Impedit in ab sapiente placeat dolorem. Quibusdam sed enim saepe id enim ut.', 'Enim dolores dolor reiciendis dignissimos maxime autem. Ducimus fugit modi porro.', 3.2, 2.5, 3, 4, 1, 1558868589, 1558868589, 1310, '1', '4', 399, 9899, NULL, NULL, NULL, NULL, NULL, 'http://schaefer.com/illum-corporis-tempora-nam-quae-iste-cum', 152),
(970, 'Eum ipsam.', 'https://schneider.com/cupiditate-ut-deleniti-veniam-voluptate.html', NULL, 'Dolor in sed beatae et. Deserunt praesentium aspernatur cumque. Optio nihil labore soluta velit.', 'Ipsam laborum et veritatis qui rerum at iste. Odit impedit doloribus dolor eum rerum qui itaque. Quia suscipit voluptates odio excepturi accusantium. Veniam sit enim inventore quo.', 2.7, 2.3, 3, 2.7, 1, 1558868589, 1558868589, 1311, '4', '2', -1, 6799, NULL, NULL, NULL, NULL, NULL, 'https://carroll.com/distinctio-unde-qui-expedita-ex-maiores-placeat-error.html', 152),
(975, 'Bitrix24', 'www.bitrix24.ru', 'https://www.youtube.com/watch?v=l_Tk826NI7g', 'sdfsdfsd', 'sdfsdf', 0, 0, 0, 0, 0, 1558889767, 1558889780, 1312, '[\"3\",\"4\"]', '[\"1\",\"2\"]', 120, 500, NULL, 1, 1, 0, 0, NULL, 151);

-- --------------------------------------------------------

--
-- Структура таблицы `programs_images`
--

CREATE TABLE `programs_images` (
  `program_id` int(6) NOT NULL,
  `src` varchar(256) COLLATE utf8_unicode_ci NOT NULL,
  `priority` int(2) DEFAULT NULL
) ENGINE=InnoDB DEFAULT CHARSET=utf8 COLLATE=utf8_unicode_ci;

-- --------------------------------------------------------

--
-- Структура таблицы `reviews`
--

CREATE TABLE `reviews` (
  `id` int(11) NOT NULL,
  `program_id` int(7) NOT NULL,
  `title` varchar(255) COLLATE utf8_unicode_ci NOT NULL,
  `pluses` text COLLATE utf8_unicode_ci,
  `minuses` text COLLATE utf8_unicode_ci,
  `common` text COLLATE utf8_unicode_ci,
  `user_id` int(11) DEFAULT NULL,
  `using_time` int(2) DEFAULT NULL,
  `rating_convenience` int(1) DEFAULT '0',
  `rating_functions` int(1) DEFAULT '0',
  `rating_support` int(1) DEFAULT '0',
  `created_at` int(11) NOT NULL,
  `status` smallint(1) DEFAULT '0'
) ENGINE=InnoDB DEFAULT CHARSET=utf8 COLLATE=utf8_unicode_ci;

--
-- Дамп данных таблицы `reviews`
--

INSERT INTO `reviews` (`id`, `program_id`, `title`, `pluses`, `minuses`, `common`, `user_id`, `using_time`, `rating_convenience`, `rating_functions`, `rating_support`, `created_at`, `status`) VALUES
(2008, 871, 'Odio dicta exercitationem ut dolor.', 'Nulla nam et saepe asperiores qui qui ut. Minima laudantium aut sint suscipit.', 'Consectetur sint id delectus dolorem reprehenderit vitae. Porro nesciunt voluptate dolores eaque.', 'Non eos aut quos ab a saepe iusto. Tenetur itaque et autem consequatur ut numquam. Ut suscipit repudiandae ab enim. Est est ipsum aut.', 45, 3, 4, 1, 4, 1558868582, 1),
(2009, 871, 'Sit nihil harum atque quo quaerat voluptate.', 'Recusandae consequatur corporis praesentium et. Et id quae deserunt suscipit ut tenetur corporis.', 'Omnis illum itaque est explicabo dolore facere. Aut consequatur consequuntur rem enim eveniet.', 'Debitis perferendis autem quae necessitatibus. Fuga aut molestias molestiae veniam ipsa. Fugit et omnis provident iusto.', 49, 1, 1, 3, 1, 1558868582, 1),
(2010, 872, 'Rerum quod quis libero doloremque numquam.', 'Sint et fugiat est tenetur debitis ea voluptatem. Id nostrum voluptatibus sint necessitatibus.', 'Vel est dolor fuga omnis. Quis unde et vel commodi sit et amet ipsum.', 'Autem saepe necessitatibus quasi. Est ipsum adipisci cupiditate eos rerum voluptatum magnam. Quo beatae aliquam magnam tenetur.', 45, 2, 5, 5, 4, 1558868582, 1),
(2011, 872, 'Harum est officiis praesentium labore vero.', 'Et quo eos optio temporibus. Sed ea exercitationem quod non. Quasi earum non et est nam.', 'Fugiat et reprehenderit porro quia maiores pariatur. Voluptatem et dolores maxime eaque blanditiis.', 'Reprehenderit quidem quaerat rerum porro. Odit dolorem est sequi maiores rerum dolore voluptatem.', 44, 32, 3, 1, 2, 1558868582, 1),
(2012, 872, 'Sapiente perferendis aut id voluptatem modi aut.', 'Deserunt alias cumque dolor numquam omnis. Velit voluptatem aut totam aspernatur dicta.', 'Qui incidunt sed sint modi. Quia culpa impedit quo delectus.', 'Perferendis ipsa et illum. Sint magnam quis enim perferendis qui. Quasi et cumque nam ut quia aut.', 46, 5, 2, 3, 5, 1558868582, 1),
(2013, 872, 'Dolores accusamus debitis maxime occaecati ut.', 'Fugit distinctio qui impedit. Possimus eum inventore provident odit.', 'Aut voluptas velit asperiores reiciendis cumque. Quasi esse minus reprehenderit eum qui vitae quis.', 'Repellendus accusamus esse ut velit et. Autem et magni omnis aperiam labore iure ullam.', 50, 28, 3, 2, 4, 1558868582, 1),
(2014, 872, 'Vel vel quia occaecati nam ipsum vitae.', 'Fuga praesentium non velit consequatur. Voluptas incidunt a ducimus necessitatibus aut.', 'Quia esse architecto et asperiores voluptas ipsa. Ea provident maiores eos id.', 'Laudantium voluptas amet libero non autem culpa. Perferendis ipsa eligendi maxime provident omnis. Nobis culpa nihil sed aut vero aut eos.', 48, 5, 4, 1, 5, 1558868582, 1),
(2015, 872, 'Est harum quo quia corrupti.', 'Delectus rerum illo enim eos et animi. Est molestiae itaque magni sequi fugit.', 'Sit at vel quidem cumque similique. Quibusdam facere culpa blanditiis et fuga atque.', 'Ea rerum aliquam quis minus unde. Quo repellendus assumenda dolor commodi ipsum. Velit enim perferendis nemo nulla et asperiores necessitatibus vero.', 43, 4, 3, 3, 5, 1558868582, 1),
(2016, 872, 'Dolores ipsa aut error.', 'Sed aliquid vero labore sint. Alias odio tempore sequi eum. Enim natus ut ea eligendi.', 'Expedita et deserunt dolores voluptatibus. Est omnis dolorem omnis. Quas vel atque quae fugiat.', 'Quasi totam dolorem voluptatem ad qui quam magni. Soluta molestiae quia quaerat ipsa.', 50, 3, 1, 4, 2, 1558868582, 1),
(2017, 872, 'Molestiae quas odit consequatur assumenda.', 'Autem placeat blanditiis quam aut laboriosam. Esse facere accusamus nihil ab.', 'Totam ipsa non voluptatem ea sunt soluta ullam nostrum. Ut qui vero atque ab omnis.', 'Eum nesciunt at odio ipsam porro ipsam ut. Consequatur sit impedit eos nam et sit eum nostrum. Tenetur temporibus quos iure est.', 52, 24, 1, 4, 2, 1558868582, 1),
(2018, 873, 'Impedit inventore aut rem impedit veritatis sunt.', 'Omnis sit assumenda id dolorem magni officia delectus. Expedita nam iste suscipit.', 'Aut aperiam impedit veniam et. Fugit ab ab dignissimos omnis quos quas consequuntur.', 'Vel sunt aut iste dolorum ipsam dignissimos. Minima voluptas dolores ipsa voluptatibus. Veniam consequatur blanditiis voluptate.', 2, 20, 3, 5, 5, 1558868582, 1),
(2019, 873, 'Ut dignissimos possimus incidunt repellat aut ut.', 'Rem quia odio distinctio. Qui et accusamus aut excepturi. Occaecati impedit sint in ut nihil.', 'Quasi dolor amet laudantium. Illum rerum iste reprehenderit ea sunt in.', 'Et quas ab illum eum. Quas tenetur dolorem ipsam fugiat nihil ut. Voluptatibus et sint et qui qui velit.', 45, 30, 1, 1, 4, 1558868582, 1),
(2020, 873, 'In eum qui et recusandae temporibus recusandae.', 'Laboriosam eligendi incidunt quis amet perspiciatis maiores. Error odit delectus nobis et numquam.', 'Deserunt qui vero delectus. Voluptatem numquam alias sint ipsum rerum.', 'Iusto repudiandae perspiciatis explicabo facilis blanditiis est sint. Ut voluptatem atque quibusdam placeat.', 50, 11, 2, 5, 3, 1558868582, 1),
(2021, 874, 'Quidem a fugiat sapiente maiores.', 'Quibusdam doloremque non voluptatem autem. Accusamus velit praesentium consequatur qui cum.', 'Et omnis nihil ipsa non. Ea rerum voluptates nesciunt aliquid. Est totam est in qui ut.', 'Quis sunt fuga labore et doloremque distinctio cupiditate. Sed quis itaque totam quaerat saepe quia.', 45, 14, 3, 4, 3, 1558868582, 1),
(2022, 874, 'Ad aut laborum provident dolore quam.', 'Ducimus sed voluptate omnis. Neque maiores iure quae ut consequatur dolorum.', 'Voluptatum maiores quasi et ut qui vitae id. Voluptatem aut tenetur accusamus ut vel temporibus.', 'Quam accusamus provident nulla doloribus. Quaerat dolorum et est iste. Odit ipsam magni sunt omnis. Quia dolorum accusantium aut et ut sit.', 45, 7, 2, 1, 4, 1558868582, 1),
(2023, 874, 'Et rerum temporibus aut beatae libero maxime.', 'Quia odio et harum odit et. Similique et sit consectetur repudiandae. Culpa autem dolorem ea sit.', 'Officia impedit dolore voluptates eius eum dolores quia. Animi modi sit optio accusantium.', 'Sint eum doloribus neque aperiam. Neque quod voluptas commodi quasi. Minima reiciendis quidem consectetur architecto. Ipsam vero id quod animi qui.', 44, 13, 2, 1, 1, 1558868582, 1),
(2024, 874, 'Debitis voluptatem aut reprehenderit doloribus.', 'Et perferendis quaerat nemo fuga. Enim ut dolorum et ab in. Necessitatibus est qui tenetur rerum.', 'Eos sequi eos enim accusamus nemo. Aliquam impedit ipsa voluptate eum explicabo consectetur et.', 'Enim illo accusantium suscipit autem quisquam esse provident enim. Molestiae cum quos delectus maxime nisi cumque.', 48, 13, 5, 2, 3, 1558868582, 1),
(2025, 874, 'Qui et impedit autem minima.', 'Et facilis dolor quaerat maiores. Sint aut et deleniti sapiente id reiciendis natus repellendus.', 'Sint necessitatibus debitis harum iste sit consequuntur. Enim quia omnis mollitia libero itaque.', 'Maxime doloribus ut ratione cum. Saepe quo dolor voluptatem. Libero placeat quia assumenda quae voluptates aliquid.', 47, 7, 5, 2, 5, 1558868582, 1),
(2026, 874, 'Placeat et excepturi quis qui fuga alias.', 'Non delectus officiis debitis animi magni minus. Eaque non et ad culpa enim est eum.', 'In illo eius consequatur fuga. Ea molestiae quod tempora odit veritatis.', 'Unde et corporis laborum aliquid. Quae sit cupiditate dolores et consectetur.', 1, 10, 3, 1, 4, 1558868582, 1),
(2027, 874, 'Dolor magnam nulla quaerat illum voluptas.', 'Ut expedita non quos non sit error assumenda. Qui qui aut facilis qui. Ut quod alias aut magni.', 'Officia atque dolore illo animi. Enim eius eveniet est dolorem consequatur qui quos.', 'In hic fugit enim nihil. Sint laboriosam cupiditate atque repudiandae aut amet rerum. Quisquam enim quo nobis at non ipsum.', 1, 11, 1, 2, 2, 1558868582, 1),
(2028, 875, 'Non fuga similique fugit occaecati.', 'Et rerum sint quia quasi doloribus. Corporis at numquam a sit quaerat.', 'Iure dolorem et sed iste voluptatem dolorum est aperiam. Hic sed harum nostrum omnis.', 'Fuga nobis dicta minus sunt. Eum reiciendis quam cum molestiae consequatur sint quibusdam. Nulla cumque voluptates voluptas qui quo ex.', 49, 23, 4, 5, 4, 1558868582, 1),
(2029, 875, 'Dolores nobis nihil nemo blanditiis omnis neque.', 'Dolores eius molestias suscipit eum est aut. Nostrum sapiente quod quis modi non.', 'Cumque maxime sit est. Ducimus eos qui autem sequi. Quod fuga earum dolores asperiores saepe et.', 'Aperiam velit voluptas sed autem. Ducimus nobis in quae quibusdam cum. Asperiores ut quo aliquid.', 49, 5, 5, 4, 1, 1558868582, 1),
(2030, 875, 'Est aut tempore aut totam voluptas pariatur.', 'Dolor suscipit labore qui veniam qui qui id aut. Autem velit aut rem aut doloribus iste.', 'Ut adipisci distinctio qui sequi. Exercitationem ut dicta et qui at quos.', 'Vel nemo et aut perferendis. Iure corrupti beatae ipsam consequatur. Facilis exercitationem recusandae expedita aliquid sed quibusdam.', 49, 11, 4, 1, 2, 1558868582, 1),
(2031, 876, 'Dolor quidem et sed maxime minus aperiam iste.', 'Accusantium et modi ad mollitia enim molestiae sint. Recusandae dolor quia autem quis dignissimos.', 'Enim vero quos non. At molestiae inventore amet aut. Aut vel saepe maxime sint qui est.', 'Nemo facilis dolorem velit optio eos quis dignissimos. Deleniti aperiam qui excepturi adipisci deleniti.', 46, 2, 4, 1, 5, 1558868582, 1),
(2032, 876, 'Et fuga beatae aliquid vitae sunt commodi animi.', 'Veritatis voluptatem consequatur vel hic numquam. Dolor unde sit adipisci veritatis modi.', 'Officiis libero doloribus cum distinctio. Ut similique eum nulla laudantium est.', 'Qui culpa ut dolores qui. Magni nostrum tempora tenetur maxime aut rem itaque. Repudiandae sed magnam aut consectetur.', 51, 25, 5, 3, 2, 1558868582, 1),
(2033, 877, 'Ut qui delectus laudantium aut quia.', 'Et sunt ut dicta assumenda distinctio exercitationem. Quibusdam dolor omnis libero explicabo.', 'Similique dolores eos quo nemo. Dolorem qui et molestiae aspernatur voluptas.', 'Dicta eaque deleniti sit earum. Quaerat quae beatae laborum voluptatum tempora libero. Fuga enim blanditiis est dignissimos dolorem.', 52, 27, 5, 2, 2, 1558868582, 1),
(2034, 877, 'Dolorem eos ratione neque.', 'Praesentium ut et tenetur qui optio. Nihil cupiditate veritatis dolores voluptatem tempora.', 'Quos porro maxime velit et omnis adipisci vel. Non placeat voluptas ex labore itaque et.', 'Iste et exercitationem ipsa consequatur. Non consequuntur qui quidem repudiandae pariatur porro ut.', 51, 25, 5, 4, 2, 1558868582, 1),
(2035, 877, 'Ab nemo nulla numquam sit asperiores.', 'Ad voluptatum voluptas dolores et. Omnis et est eum ullam culpa. Qui et dolorem quisquam aliquam.', 'Qui sunt nisi atque ratione. Vel eum est eius alias. Vero debitis occaecati molestiae.', 'Esse id eum neque corporis ipsum. Voluptatibus aliquam quia odit illo doloribus quia non asperiores. Dolorem ipsa cupiditate rem.', 43, 17, 2, 2, 1, 1558868582, 1),
(2036, 877, 'Quia occaecati ea cupiditate voluptatibus.', 'Vero labore ut architecto ex et nemo. Illum quo saepe distinctio unde molestias.', 'Ullam ducimus non est fugiat exercitationem. Nobis et quis quis consequuntur ipsum mollitia.', 'Sed ipsum incidunt unde temporibus. Numquam quis ullam sint saepe omnis maiores aspernatur. Non ut minus nemo rerum repellendus.', 45, 34, 3, 4, 3, 1558868582, 1),
(2037, 877, 'Vero quo ea est cumque quos corrupti dicta.', 'Similique animi similique optio enim. Et ipsa assumenda qui hic beatae. Magni quidem est quis est.', 'Deleniti ut nemo quo voluptatem quis. Eum asperiores odio hic hic deleniti soluta vel.', 'Quam qui autem minus tempore. In nam voluptatem quae earum. Ipsa doloribus delectus sunt laudantium et.', 48, 21, 2, 1, 2, 1558868582, 1),
(2038, 877, 'Quasi beatae modi sunt id.', 'Qui est qui error autem aperiam exercitationem eligendi. Quia dicta consequatur qui aut.', 'Expedita rerum voluptatem tempora hic possimus autem. Nobis fuga officia quae nostrum eos nobis.', 'Illo eius ab officiis mollitia. Ad quod ut facere qui magnam in. Exercitationem quo blanditiis vel.', 44, 7, 2, 3, 1, 1558868582, 1),
(2039, 877, 'Ipsum aperiam eum eveniet blanditiis.', 'Dolore repellendus earum qui odit accusantium. Labore vero qui repellendus numquam tempore.', 'Sint sapiente sed ipsam et. Ducimus quia ut officia ut dolor dolorem.', 'Ullam mollitia officiis consequatur dolorem eligendi sed. Consequatur et et beatae et. Facilis delectus consequuntur ratione corporis.', 48, 21, 5, 2, 5, 1558868582, 1),
(2040, 877, 'Officiis enim totam nostrum sed eligendi autem.', 'Et magni explicabo necessitatibus sed occaecati maxime. Dolor at inventore labore aut aperiam.', 'Sapiente at aut architecto autem. Dolorum qui sit dolorum delectus. Ipsam itaque dolorem quas modi.', 'Aliquid ipsa quidem cumque rerum occaecati et quia. Amet sequi molestiae laudantium quisquam consequatur sed.', 49, 28, 1, 4, 1, 1558868582, 1),
(2041, 878, 'Nihil rem quo voluptatibus quasi.', 'Sed laborum voluptatum ipsa. Earum ut ab officiis. Veritatis nostrum odio id assumenda.', 'Sit culpa explicabo quis. Veniam hic quae aperiam vero quod impedit perferendis.', 'Quos voluptatem officiis minus perferendis. Voluptas illo laborum et consectetur saepe consequatur. Omnis error ea quam et quas beatae.', 51, 30, 4, 5, 1, 1558868582, 1),
(2042, 878, 'Harum omnis similique ipsam beatae autem fuga.', 'Alias corporis repellat quos neque aliquid nulla. Perferendis excepturi magni saepe accusamus.', 'Fugiat atque eligendi magni saepe ut blanditiis. Ad cum autem et odio.', 'Est quo ut fugit tempora illum. Hic dicta accusamus dolorem illo consectetur beatae rem. Saepe ut qui nemo eaque qui quis deleniti.', 46, 25, 1, 1, 3, 1558868582, 1),
(2043, 878, 'Quis aliquam eos inventore hic autem fugit.', 'Ut optio voluptatem placeat eum sed eaque alias. Dolorem ut odio sint illum.', 'Minima quia alias dolores velit ea excepturi eligendi. Non voluptatum sit velit dolorum quia sit.', 'Atque iste velit quod et eaque. Harum qui tempore fuga delectus dolor qui quia. Tempora et non mollitia sed autem ullam.', 2, 31, 2, 1, 2, 1558868582, 1),
(2044, 878, 'Sunt cumque officia sint maxime incidunt eum.', 'Cupiditate dolore reiciendis quo dicta aut voluptas blanditiis. Rerum quia omnis eum magni est.', 'Voluptatem earum expedita molestiae aut quis. Quia placeat ullam et nihil eum.', 'Odit laborum qui incidunt velit. Ut blanditiis id eos et. Vel vel sed reiciendis.', 48, 11, 3, 2, 1, 1558868582, 1),
(2045, 878, 'Rerum vel sed qui.', 'Esse omnis quae magni similique tempora corporis est. Ea sit ipsam qui enim qui eos cum.', 'Maxime minima harum a nulla dolor. Minima consequatur iusto dolorum et et adipisci.', 'Error corporis in qui asperiores odio. Beatae cum et ex quia. Dignissimos esse et accusantium rem reiciendis aperiam.', 52, 30, 4, 1, 3, 1558868582, 1),
(2046, 878, 'Cum mollitia nostrum id dolores repellendus.', 'Consequatur nihil ex libero qui. Quia aut quia eos labore. Sed ducimus accusamus aliquid.', 'Atque vel iste recusandae eos soluta aut molestiae. Eius ut quae veritatis ad.', 'Ut architecto esse odit expedita ipsum sequi id. Quibusdam ut corporis natus nobis eum nostrum iusto ad.', 49, 13, 2, 5, 5, 1558868582, 1),
(2047, 878, 'Non dolorem repellat aut non in voluptatibus.', 'Itaque dolore maxime officia aut in officiis. Ullam quo consequuntur non enim enim.', 'Incidunt placeat ut est quidem nobis. Debitis perspiciatis in quia adipisci facere distinctio.', 'Blanditiis facilis veniam in. Cum in perferendis tempora veritatis.', 45, 16, 1, 3, 2, 1558868582, 1),
(2048, 878, 'Voluptatem eligendi dicta aut.', 'Id eligendi eius nulla doloribus assumenda officia ex. Aperiam debitis molestiae sint aut.', 'Aliquid tenetur asperiores deleniti veniam. Qui et sint eum alias est voluptatem.', 'Dicta suscipit dolor alias. Adipisci porro et perferendis ipsum sed aspernatur repudiandae. Sint ipsa quia et omnis dolorum ea aliquid.', 45, 2, 1, 3, 3, 1558868582, 1),
(2049, 879, 'Nisi enim ad dolorum neque.', 'Hic temporibus vel omnis voluptas qui. Et nam rem hic voluptatibus maxime officia.', 'Voluptatibus sequi aliquid minima non qui iusto. Inventore voluptatem non qui est doloremque id.', 'Velit at et ipsa aliquam incidunt. Blanditiis sit ea accusamus quia consequatur blanditiis id eveniet. Provident earum et est facilis.', 45, 26, 4, 4, 2, 1558868582, 1),
(2050, 879, 'Dolore repudiandae voluptate provident.', 'Vel sunt iste corporis. Ipsum eligendi voluptatum qui eos consequatur quo.', 'Eos adipisci quae cum ad similique quasi. Autem aut nostrum vel vitae corporis neque consequatur.', 'Et corporis enim pariatur natus natus ullam. Et ipsa ut esse omnis ea fuga. Magni animi ut consequatur quia dolorem dolores.', 1, 22, 3, 1, 5, 1558868582, 1),
(2051, 880, 'Voluptatibus atque aliquam ipsa qui sed ad magni.', 'Omnis magnam sunt quae similique ut et esse. Iure sed sit qui porro dicta.', 'Iure nostrum autem voluptatem dolores unde dolor ut accusamus. Eius reiciendis placeat ad iste.', 'Voluptas facere laborum sit aut. Iusto dolor sequi laudantium iusto.', 45, 12, 1, 5, 3, 1558868582, 1),
(2052, 880, 'Eligendi et natus nihil repellendus debitis ea.', 'Culpa est blanditiis consequatur sint. Facilis eveniet consequatur facere et ipsam facilis ullam a.', 'Iusto ex dolores doloribus doloremque facilis. Id et ducimus vel.', 'Rerum eum id illum et. Numquam ab in vel eius. Quia iure autem numquam.', 43, 22, 4, 2, 4, 1558868582, 1),
(2053, 880, 'Atque quia laboriosam eum quis sit esse ut.', 'Praesentium ea rerum sapiente optio est ipsa molestiae. Aut tempora magni laudantium velit.', 'Dicta praesentium dicta esse iste. Quae iste dolorem et.', 'Eius et eum aut est. Sunt praesentium consequatur et non. Est voluptatem beatae hic corrupti. Neque optio aut nobis cum dolores.', 44, 2, 3, 2, 3, 1558868582, 1),
(2054, 880, 'Reprehenderit doloremque omnis ipsum.', 'Perferendis aut fuga dolores qui praesentium. Quibusdam ut tenetur rerum qui neque qui quis.', 'Quia eligendi non neque natus odit natus. Ab officia facere et rerum error autem laboriosam.', 'Et ipsam odit earum voluptate cum saepe provident. Eaque magni est minus est. Eveniet commodi quam recusandae asperiores aperiam.', 46, 17, 3, 1, 1, 1558868582, 1),
(2055, 880, 'Iste sit et sit aut laborum ratione.', 'Illo ut sit unde nesciunt quo ea. Et unde et molestiae. Quae odit eligendi qui enim.', 'Dolore voluptatem sint est velit quis. Iste unde rerum fuga sed.', 'Qui veritatis reiciendis debitis sint quia eligendi. Eos est numquam id neque unde quasi illo.', 47, 21, 3, 5, 1, 1558868582, 1),
(2056, 880, 'Officia et ipsum ipsam harum.', 'Exercitationem illum blanditiis quia et dolorem. Eum in molestiae maiores sapiente deleniti beatae.', 'Iste et magni ea at. Maxime veritatis odit doloribus fuga suscipit at.', 'Autem id autem voluptatem sunt aut ad deserunt. Nihil maxime eligendi sed a. Quia rerum odio amet eos et rerum laudantium rem.', 43, 10, 3, 3, 3, 1558868582, 1),
(2057, 880, 'Quibusdam veniam illo a.', 'Ipsam maiores sed optio odio sit ut non. Voluptate ullam dolorem modi cumque dolores.', 'Et et odit quidem. Nisi sint earum officiis et.', 'Eos illum ipsam veritatis autem magnam illum. At soluta delectus laborum sit ab harum. Est reiciendis sit aut aut accusantium. Qui harum ut aut.', 1, 34, 2, 1, 3, 1558868582, 1),
(2058, 880, 'Ipsa porro deserunt deleniti non omnis.', 'Cum cumque ut illo sed. Qui ut voluptas magnam voluptatem nisi. Nisi harum ut est qui consequatur.', 'Voluptatem animi repellendus recusandae nulla veritatis. Quos enim nam possimus quia.', 'Minima quia ad rerum et perspiciatis. Eos quasi voluptatem asperiores. Sint tenetur deleniti illo. Quam a est quaerat in autem.', 48, 23, 1, 4, 3, 1558868582, 1),
(2059, 881, 'Mollitia amet optio delectus ipsam.', 'Magni autem incidunt nihil et. Voluptas non laudantium ab fugit. Sunt totam ducimus odio pariatur.', 'Dicta expedita suscipit et ea a est quod. Similique ut assumenda esse magnam.', 'Maiores eos aperiam necessitatibus sed laboriosam. Autem dolores voluptates laborum quasi. Fugit laudantium quis voluptas optio.', 48, 8, 1, 4, 2, 1558868583, 1),
(2060, 881, 'Rerum unde eos rerum enim voluptatem.', 'Sint illo error reiciendis. Molestias consequuntur fugiat ex eos. Ea ipsa est tempora et a labore.', 'Sequi quia temporibus rerum aut et illum. Incidunt dolorum animi alias quo.', 'Qui est illo vel et. Dolorem quas exercitationem sequi quibusdam modi ad amet ad. Facilis sed qui ut nisi voluptatibus consectetur.', 2, 20, 3, 5, 1, 1558868583, 1),
(2061, 881, 'Ut laboriosam ea ex accusantium dolores.', 'Corrupti id est inventore cupiditate sunt. Vel aut enim qui. Totam quo ab illo.', 'Adipisci autem repellat rerum et. Maiores autem ex sit voluptas.', 'Sed porro illo et. Sed id sit voluptatem. Odit autem sequi maxime rerum quo facilis veritatis quaerat. Doloribus quia natus possimus aut magnam.', 49, 22, 1, 5, 5, 1558868583, 1),
(2062, 881, 'Dolor cumque neque et qui ea expedita.', 'Dolores fugit ipsam occaecati occaecati ut ipsa est. Veniam id et debitis quia reprehenderit et.', 'Voluptate quas eum ipsam iure. Quas corrupti aut dolorum et. Voluptatem in accusamus et rem.', 'Ex aut expedita sunt eius dolorem. Minima debitis possimus quo quo ea omnis. Laboriosam cupiditate temporibus molestiae dolorum.', 46, 25, 3, 3, 2, 1558868583, 1),
(2063, 881, 'Ad optio eaque qui occaecati nobis nisi.', 'Unde ipsa quam error dolor quod. Perferendis quis recusandae veritatis dolore temporibus.', 'Dolores eaque eum velit ullam eos enim. Molestiae dolores dolores in.', 'Earum sit deserunt ab accusantium ut atque eos quos. Distinctio atque ut debitis quo repudiandae velit.', 43, 22, 1, 2, 3, 1558868583, 1),
(2064, 881, 'Vitae repellendus odit dolorum saepe hic.', 'Ipsam autem architecto aliquam vel mollitia autem. Quia itaque dolor laudantium nihil.', 'Molestiae qui aut magnam vel velit consequuntur sit. Distinctio quia quidem expedita et.', 'Qui non accusamus sint cumque molestiae. Provident rerum eligendi qui possimus quisquam deleniti. Voluptatum ea ut deserunt nisi autem magni eum ut.', 47, 28, 1, 5, 5, 1558868583, 1),
(2065, 881, 'Qui voluptate illum qui expedita amet nisi.', 'Quas ab dolore eum qui dicta. Sunt alias qui ipsam unde. Distinctio itaque et iusto nihil est.', 'Ut quia rerum dolorem blanditiis. Eveniet aliquam cumque quia libero nihil voluptas quae qui.', 'Impedit voluptatem omnis eius deserunt. In laudantium distinctio porro. Eligendi dolorem et vitae delectus incidunt.', 51, 27, 2, 2, 5, 1558868583, 1),
(2066, 881, 'Quidem soluta fuga qui.', 'Quia omnis est illum culpa ex. Omnis ut incidunt quia aut. Id in hic nemo qui sed.', 'Porro cumque repellat quia qui totam est. Itaque aperiam enim qui eligendi sit ut.', 'Ut et voluptatem velit porro id voluptas impedit nihil. In id quae esse maxime. Quas quae et tempore.', 45, 2, 1, 1, 4, 1558868583, 1),
(2067, 882, 'Quibusdam architecto corporis dolor illum.', 'Saepe id dolorem earum autem. Nisi sunt consequatur dolorem dolor est deleniti doloribus ea.', 'Fugit eligendi quia omnis. Qui sit sint aut. Aut eos fugit et libero molestias.', 'Earum provident nihil quia delectus animi tempora. Laboriosam optio quia omnis vel. Aut voluptatem ea maiores est fuga enim.', 44, 12, 1, 2, 1, 1558868583, 1),
(2068, 882, 'Ratione porro nihil eius qui in.', 'Nihil et id et enim. Praesentium quod et libero amet. Animi iste vel velit ad.', 'Quia eaque in exercitationem nulla. Aliquam sed ducimus cumque iure magni sequi animi.', 'Est maiores ipsam sint et odit. Quisquam eum omnis quas ut at. Maiores nisi esse est.', 44, 7, 2, 2, 3, 1558868583, 1),
(2069, 882, 'Aut rerum error fugit et.', 'Autem eius vel quas et. Est asperiores sed nihil sapiente.', 'Error consequuntur est laudantium laudantium ut voluptatem. Quas earum quo quia nemo voluptas.', 'Occaecati eum voluptas minima. Non cum ut quasi consectetur esse aspernatur accusamus. Voluptatem omnis tempore qui sit minus modi laborum.', 50, 2, 4, 1, 4, 1558868583, 1),
(2070, 883, 'Quasi nisi esse nemo asperiores a nihil.', 'Quam accusantium culpa qui aut id sit. Ab doloremque at quia nemo quibusdam omnis quis.', 'Tempora esse eum numquam quis voluptas. Eius aliquam ut asperiores. Quae vel ut voluptatum omnis.', 'Sed eius temporibus necessitatibus. Nam facere hic nobis dicta debitis doloribus. Placeat qui quasi sit et.', 50, 24, 2, 2, 3, 1558868583, 1),
(2071, 883, 'Nihil ut nobis ab perferendis doloribus.', 'Ullam atque enim omnis eum sequi harum. Corrupti praesentium voluptatem dolorem aut et ea.', 'Aspernatur sed totam quidem quaerat dolorem autem ut. Atque nam sit magni iste et et.', 'Voluptate adipisci reiciendis incidunt repellendus voluptatibus. Doloribus pariatur nihil et voluptatibus dolorum.', 47, 8, 5, 3, 5, 1558868583, 1),
(2072, 883, 'Et doloribus quia aut velit qui eum sit.', 'A atque quis autem debitis sit vero. Quod minus enim accusantium qui.', 'Officiis harum molestiae aut magnam sunt qui. Perspiciatis aut et illo eius qui.', 'Inventore in dignissimos maxime excepturi voluptatem. Omnis adipisci temporibus similique. Enim ab quas consectetur sequi necessitatibus quo.', 47, 18, 2, 3, 1, 1558868583, 1),
(2073, 883, 'Sed deleniti est eaque eum.', 'Porro harum laudantium aut. Et quod velit molestiae quam est. Enim minima vel rerum hic est.', 'Sed commodi eaque reiciendis a voluptatem. Quo doloribus qui totam voluptatem culpa.', 'Alias sequi dolor labore temporibus fugit tempora. Debitis ut cumque dolorem perferendis doloremque vel.', 2, 26, 1, 1, 5, 1558868583, 1),
(2074, 883, 'Et eveniet et et voluptas. Qui numquam in et et.', 'Molestias doloribus porro at dolores. Voluptas quam eveniet quo hic. Nisi voluptatem ut sit quis.', 'Facere nemo ratione omnis architecto exercitationem harum. Qui et iusto quis minima tempore in.', 'Quo labore voluptatibus animi ipsum doloribus voluptas. Est dolores blanditiis hic sit eius minima sint. Repellat doloribus recusandae et et ea.', 50, 33, 4, 5, 4, 1558868583, 1),
(2075, 884, 'Et sit animi occaecati molestiae.', 'Sed sapiente sapiente consequatur. Consequuntur quasi qui ut ea. Minus qui quibusdam quia et.', 'Aut eligendi ut eum est tempora beatae. Quas laborum ut enim qui et sed earum.', 'Omnis excepturi pariatur sit eum. Libero asperiores recusandae sit ut assumenda. Nam est illum tempore.', 48, 17, 3, 2, 3, 1558868583, 1),
(2076, 884, 'Ducimus quis nisi aut.', 'Excepturi magni sunt cum cum necessitatibus distinctio. Aut eum laborum sint autem consequatur et.', 'Sunt earum velit doloribus recusandae aspernatur nostrum totam. Incidunt nam quam minus doloremque.', 'Inventore placeat nihil vero placeat qui rem. Quidem inventore ipsum quae nihil. Molestiae dicta molestias veniam.', 52, 24, 2, 5, 1, 1558868583, 1),
(2077, 884, 'Et minus alias vero dolorem suscipit inventore.', 'At porro quos sunt. Temporibus mollitia debitis velit nihil.', 'Rerum distinctio saepe rerum pariatur. Nulla id sequi quae et similique error.', 'Aperiam quo excepturi non facere ut tempora qui. Sed distinctio laboriosam placeat.', 47, 31, 5, 4, 1, 1558868583, 1),
(2078, 884, 'Nihil eum ad est rerum accusantium aut.', 'Vitae omnis rerum ea hic. Rem quaerat et sit. Ut ducimus sit fugit accusamus ut.', 'Quasi dicta nesciunt error expedita. Dolorum fugit rerum qui alias ut.', 'Repellat eos molestias consequatur. Sit ipsa quo voluptatem. Velit alias deleniti ipsum omnis facilis ratione sint quia.', 43, 32, 2, 3, 1, 1558868583, 1),
(2079, 884, 'Quos non necessitatibus qui omnis animi ad.', 'Ut adipisci sed quis. Odit porro est vel saepe qui est est quos.', 'Consequuntur fuga dolorem recusandae in pariatur voluptas. Eum omnis doloribus et omnis occaecati.', 'Sed blanditiis vitae fugiat dolorum voluptates omnis. Placeat similique amet in earum est.', 50, 18, 3, 1, 1, 1558868583, 1),
(2080, 885, 'Beatae in quaerat et.', 'Eos blanditiis enim excepturi temporibus voluptas. Animi ex aliquid ut aliquid similique quo sed.', 'Qui officiis delectus eaque. Sit ut id atque voluptate voluptatem. Dolor explicabo eos quasi rerum.', 'Provident sapiente magni suscipit. Possimus expedita dolorem debitis voluptatum.', 1, 24, 5, 1, 2, 1558868583, 1),
(2081, 886, 'Non doloribus earum exercitationem qui.', 'Sequi dolores quo tenetur vero in. Qui aperiam distinctio suscipit aliquam. Nesciunt sed in unde.', 'Ipsum quas aut animi ut eos ut aliquid. Voluptas sequi quis natus nisi. Est harum eos quibusdam et.', 'Consequatur veniam eos sint. Maiores pariatur aspernatur earum neque quibusdam. Eius rerum nam maiores.', 2, 28, 4, 1, 3, 1558868583, 1),
(2082, 886, 'Minus repellendus sapiente nisi aliquid sed.', 'Quia quis tempora quod. Asperiores aut voluptatum eos.', 'Earum deleniti hic in. Id eum est porro velit quisquam et non. Qui quo rem sequi.', 'Velit commodi quo debitis et. Dicta cupiditate corporis tempore sint. Quos eius est sit quod.', 47, 2, 4, 3, 3, 1558868583, 1),
(2083, 886, 'Distinctio unde laborum ad rerum sint modi quia.', 'Non laboriosam et similique aspernatur et quos omnis. Reiciendis sed nisi veniam a eum.', 'Velit rerum est qui in. Rerum pariatur aliquam omnis deserunt. Debitis quia recusandae quo.', 'Sed odit quod quia et quod expedita quis. Sequi consequatur ea quod voluptas perferendis nihil. Quod et reprehenderit voluptatem totam velit ea qui.', 50, 7, 2, 5, 5, 1558868583, 1),
(2084, 886, 'Eligendi iste earum ea atque omnis accusamus.', 'Odit eaque dolores maxime libero illum est sit deserunt. Quasi quidem ea totam quod quae.', 'Aperiam ex sint soluta sit sint earum minima est. Voluptatibus iure deserunt numquam quae.', 'Quia aut id ipsa sunt tempore. Voluptatum explicabo dignissimos quibusdam eaque blanditiis.', 48, 10, 2, 1, 4, 1558868583, 1),
(2085, 887, 'Nulla voluptatem voluptatem distinctio nihil.', 'Quasi nisi sed vel voluptate saepe minima. Dolorum ea in ipsum voluptatem repellat quam vel.', 'Qui vitae odit amet accusantium optio nostrum. Architecto ut ut enim sit animi aspernatur sed est.', 'Nisi architecto aut esse ut. Qui qui et occaecati quod molestiae excepturi. Unde fuga qui placeat. Sint et eos id numquam qui.', 46, 19, 2, 4, 5, 1558868583, 1),
(2086, 887, 'Alias temporibus sit molestias minus placeat.', 'Ut similique minus et mollitia earum. Deleniti eum dolor molestias fugit quasi.', 'Exercitationem ut facere nam. Voluptates temporibus ea ratione. Ut velit ut quia sed adipisci.', 'Nostrum autem nihil asperiores. Fugit amet quia facere. Quaerat ipsa atque culpa ea exercitationem. Et omnis rerum ea nisi sit nihil nostrum.', 46, 25, 3, 3, 1, 1558868583, 1),
(2087, 887, 'Dolor est nostrum autem provident eos porro.', 'Repudiandae velit magni eum. Repudiandae architecto aut consequuntur id. Aut quis aut vitae.', 'Dolor molestiae quibusdam ipsum ipsa incidunt. Aliquid dolores ea rerum est ipsum et nihil magni.', 'Id iste consequatur sunt tempora deleniti. Iure debitis consectetur sit voluptas.', 44, 25, 4, 5, 4, 1558868583, 1),
(2088, 888, 'Neque numquam beatae ipsum alias temporibus.', 'Corrupti quae iure libero repudiandae qui. Esse cum provident vitae velit fugiat inventore quos.', 'Et aut pariatur voluptatum sed aut pariatur sunt. Dolorem tempora recusandae vitae et.', 'Recusandae fugit et non repudiandae dicta et quam. Enim voluptatem et praesentium ut sit et. Aliquam sed officia aut totam qui possimus qui.', 47, 32, 1, 4, 3, 1558868583, 1),
(2089, 888, 'Blanditiis adipisci in a dolorem et.', 'Et aut deleniti excepturi voluptate voluptates. Et neque qui reiciendis voluptatem ipsam dolor.', 'Porro ut quo totam necessitatibus corporis. Odio necessitatibus nihil dolor consequatur deserunt.', 'Voluptate nesciunt doloribus sint sequi et ad pariatur quia. Fugit quia et et inventore. Numquam incidunt laudantium est ab ut laudantium.', 45, 7, 4, 4, 1, 1558868583, 1),
(2090, 888, 'Optio dolores officiis et quis.', 'Saepe aut non voluptates sunt. Ex enim architecto nisi in qui.', 'Sit et quidem occaecati vel ad consectetur enim. Autem repellat pariatur quis suscipit neque.', 'Omnis voluptatem aspernatur est tenetur. Eligendi voluptatem quisquam aut.', 52, 13, 5, 2, 2, 1558868583, 1),
(2091, 888, 'Quis iste autem aut.', 'Exercitationem ea consequatur ut. Quia dolor dolores id.', 'Ea est iusto et ut. Blanditiis magni consectetur ea. Ea culpa maxime tempore eaque libero.', 'Et non et rerum totam. Aut nesciunt repellat asperiores officia aspernatur est. Aut totam iste eos consequuntur ipsa assumenda.', 46, 29, 4, 5, 4, 1558868583, 1),
(2092, 888, 'Velit id dignissimos cupiditate impedit itaque.', 'Libero dolores iusto dolore non rem quisquam et. Id reiciendis consequuntur molestiae.', 'Eos magni soluta excepturi facilis voluptatem ea. Libero perspiciatis eos ullam nostrum.', 'Numquam fuga magnam fugit quia cupiditate repellat. Sed autem velit optio eius. Placeat cum fugiat maiores optio vero.', 44, 1, 5, 3, 4, 1558868583, 1),
(2093, 888, 'Nihil qui repudiandae non expedita.', 'Et nemo consectetur repellat quia. Autem dolorum dolorem velit sequi dolores eaque aperiam enim.', 'Earum a vel eveniet voluptate maiores dolorum et. Amet et at sint tempore.', 'Velit vel possimus iure necessitatibus. Provident illum sit ipsa voluptas ea voluptas nesciunt. Molestias harum eveniet nesciunt quisquam ut.', 2, 18, 2, 5, 2, 1558868583, 1),
(2094, 888, 'Quam rerum eos et est dolor officia.', 'Tempora nisi est incidunt rerum quia. Itaque sint eaque illum consequatur et.', 'Fuga deserunt quia ab minima. Animi nam et modi maxime sit officia et.', 'Incidunt minima quis molestias molestiae eum at quos. Natus sapiente dolores dolores tempora dignissimos impedit et. Sed natus voluptas est impedit.', 52, 23, 5, 2, 4, 1558868583, 1),
(2095, 888, 'Est praesentium eveniet dolor sed aut quos nulla.', 'Unde provident quo quia veniam minima. Voluptas atque assumenda assumenda nam nisi expedita autem.', 'Non deleniti dicta eligendi non natus eum. Aspernatur dolor dolor autem atque. Et dolorum ea quis.', 'Laborum minima dolorum sint voluptate ex dolorem voluptas. Tempore qui iste ducimus perferendis odio. Quos perspiciatis deserunt fugiat.', 47, 2, 3, 4, 3, 1558868583, 1),
(2096, 889, 'Vero porro id vel consectetur voluptatem enim.', 'Error error nulla est quo non. Nostrum itaque laboriosam sed. Tenetur a qui cumque ab consequatur.', 'Harum est consequatur hic. Ad velit deleniti laborum eos maiores. Sint repellendus autem atque hic.', 'Quia voluptas voluptatem distinctio quis magnam. Est voluptas perferendis eum neque. Voluptates qui harum doloribus fugit et molestiae.', 2, 22, 3, 4, 1, 1558868583, 1),
(2097, 889, 'Dolorem voluptatum qui nisi qui dolorem.', 'Illum quaerat ut laborum corrupti. Nihil ut incidunt dolor. Facere optio sed nam.', 'Dolore quam voluptas molestias consequatur. Suscipit sunt necessitatibus consequuntur et.', 'Pariatur quibusdam qui commodi et nemo. Velit sint beatae nemo dolor et vel. Eum nostrum vitae et ea. Aut aut distinctio quaerat veritatis nulla et.', 44, 30, 1, 5, 5, 1558868583, 1),
(2098, 889, 'Animi velit dolorem ut facere amet cumque non.', 'Dolorum quia ut harum id maiores a. Sed architecto est delectus ipsam. Qui ut ut quo.', 'Perferendis quis sunt suscipit officia. Ipsam vel blanditiis laudantium ab rem qui ut.', 'Dolorum omnis quos earum quaerat rerum tenetur. Minima magni non veritatis quis tenetur quia veniam porro.', 44, 33, 3, 4, 5, 1558868583, 1),
(2099, 889, 'Tempore facere a cum qui.', 'Velit alias autem dolorum dolores autem. Recusandae inventore iure ut laboriosam consequatur.', 'Alias corporis earum nesciunt aut voluptas et velit. Provident qui ut numquam aut ea.', 'Rem dignissimos aut cum enim est. Aliquam pariatur rem autem dolorum natus voluptatem. Fugit quasi ut in nisi. Ut quae vel est quibusdam velit.', 49, 4, 3, 5, 1, 1558868583, 1),
(2100, 889, 'Sint est quia dolores excepturi.', 'Quod voluptatem amet impedit quo dolores nam. Velit quis dignissimos fuga.', 'Iste sint tempore quae. Blanditiis nostrum dicta eos voluptas. Voluptatum sint alias porro et.', 'Rem facilis qui eveniet id harum. Consectetur sit explicabo deleniti inventore laborum voluptas dolore. Eligendi delectus doloremque iusto.', 1, 20, 4, 3, 1, 1558868583, 1),
(2101, 889, 'Minus ut rerum dolor ut illum.', 'Sint explicabo in dolores commodi nisi nisi eum. Amet accusantium ea asperiores.', 'Consequatur voluptas magnam consequatur dolorem. Rerum est est saepe laudantium temporibus.', 'Quia odit totam aperiam sit expedita ea ut. Iusto pariatur omnis aut voluptatem. Necessitatibus sed voluptas tenetur voluptates non.', 52, 14, 5, 5, 5, 1558868583, 1),
(2102, 890, 'Placeat dolorem pariatur minima ullam qui.', 'Eveniet repudiandae qui et omnis. Repellendus et et molestiae sint. Et doloribus sunt voluptates.', 'Reprehenderit est distinctio ut. Aut nam fugit dolorum qui nulla sed consequuntur provident.', 'Eaque illo et minima recusandae et ut. Enim exercitationem quia maxime enim. Eaque ut mollitia omnis magni.', 46, 6, 5, 3, 2, 1558868583, 1),
(2103, 890, 'Eos voluptate est nulla laborum.', 'Non in sint odit et minima autem. Quaerat quaerat dolor doloremque dolorem pariatur est ea.', 'Nesciunt quis illum voluptas aut. Ex voluptas neque labore consequatur est.', 'Quo modi qui architecto dolores et. Voluptas sit quia qui nobis culpa quam officiis. Sed deleniti ut quos.', 47, 11, 4, 4, 2, 1558868583, 1),
(2104, 890, 'Nesciunt possimus itaque dolores fuga qui qui.', 'Sit ipsum rerum harum maiores. Consequatur magni est et aut ut omnis.', 'Vel qui tempore eaque voluptatem. Consequatur voluptatem fugit nemo id.', 'Consequatur esse maiores fugiat et. Magni aliquam fugiat sint illum quod eveniet. Architecto quae aliquam sint maxime dolorem.', 46, 7, 2, 1, 1, 1558868583, 1),
(2105, 890, 'Nobis assumenda recusandae tempora eius adipisci.', 'Accusamus modi nulla eius ex aut sed. In vitae voluptas omnis autem porro aut.', 'Numquam tempore harum aperiam beatae at. Cumque dolore odit ut ipsa et. Nihil ea non ex.', 'Saepe et aut corporis magni modi. Voluptas atque corrupti et voluptatem esse nulla. Fuga quaerat nihil harum in dolor blanditiis asperiores placeat.', 50, 22, 1, 2, 1, 1558868583, 1),
(2106, 890, 'Ut ducimus perferendis autem incidunt.', 'Eveniet ex fuga est. In rem deserunt molestiae aut esse in. Et sequi quis culpa eos.', 'Laudantium ea consequatur architecto. Dolorum aut et quasi et corporis animi sit.', 'Sit eos quidem aut minus ea. Eaque consequatur reprehenderit et corrupti ut. Ipsa repellendus id labore laboriosam corrupti odit voluptas.', 51, 7, 1, 2, 1, 1558868583, 1),
(2107, 891, 'Iusto aut quia natus veritatis.', 'Et autem molestiae et sit. Vel nihil repellat et.', 'Quia quos enim voluptatum et aspernatur. Distinctio eius consectetur optio et et qui et.', 'Quia et modi totam praesentium. Nihil et eum est quia odit. Repudiandae odio aut inventore harum. Non dolorem ut ab aliquam nam.', 50, 8, 2, 5, 4, 1558868583, 1),
(2108, 891, 'Sequi odio quia optio voluptatum harum a.', 'Ex aliquam omnis vero provident. Est optio voluptatem reprehenderit ex quaerat qui in.', 'Incidunt voluptatem quod ipsam ut. Voluptatem nesciunt aut sequi aut temporibus.', 'Ad et quos ut qui atque itaque. Autem impedit eum enim laudantium. Rerum odit in est voluptas ducimus rerum dolorum.', 46, 21, 2, 1, 1, 1558868583, 1),
(2109, 891, 'Non dignissimos odit aliquid sed perferendis.', 'Quia iusto quam asperiores voluptatum. Inventore aliquam adipisci similique hic eum.', 'Harum sunt dolore placeat et eveniet. Ipsa sint minima quia. Quia repellat harum porro in illum et.', 'Necessitatibus sit molestias impedit. Nisi ut nam repellat autem incidunt iure. Aliquid aperiam consequatur sed cum minus unde.', 1, 17, 1, 3, 4, 1558868583, 1),
(2110, 891, 'Quia voluptas eius odit repellendus ipsa sunt.', 'Rem expedita ullam quaerat laboriosam. Rerum dolorum nesciunt est et quia omnis.', 'Assumenda sunt id quam. Molestiae nostrum molestias consequuntur dignissimos aspernatur.', 'Explicabo ipsum qui saepe unde vel nulla non labore. At quibusdam iste vel occaecati officia provident quasi aut.', 49, 20, 4, 4, 3, 1558868583, 1),
(2111, 891, 'Eos asperiores eum ut et odio.', 'Quisquam consequatur cupiditate unde rem. Voluptatem enim ratione sint. Ut optio veritatis aliquam.', 'Velit optio quo natus aperiam voluptate enim est quo. Aliquam nisi blanditiis vel voluptas.', 'Aliquam quasi necessitatibus aut id. Illum praesentium nihil eum aut exercitationem quisquam. Veniam dolorem a a et.', 50, 31, 4, 5, 1, 1558868583, 1),
(2112, 891, 'Nulla quae et molestiae consequatur cumque autem.', 'Aperiam in sunt voluptates. Voluptatum atque voluptatem non dicta. Quo minima ipsa voluptates sit.', 'Aliquam ut labore sed commodi voluptatem sit atque. Dignissimos error labore nemo molestiae.', 'Amet ut exercitationem itaque recusandae dolores. Esse voluptas suscipit asperiores quia iste aliquid architecto facere.', 44, 22, 1, 5, 1, 1558868583, 1),
(2113, 891, 'Quas odio voluptatem sit voluptas.', 'Sed earum distinctio necessitatibus delectus et. Ex delectus rerum qui.', 'Similique nesciunt dolorum ratione mollitia. Quis provident quo omnis.', 'Qui ut consequatur veniam quo fuga dicta. Tempore numquam eos eligendi necessitatibus. Inventore ea sed quos sit esse quia.', 2, 8, 4, 2, 2, 1558868583, 1),
(2114, 891, 'Repudiandae corporis soluta voluptatum est ut.', 'Iure voluptate earum earum iusto. Unde et unde aut harum modi voluptates.', 'Ratione ut et sit. Architecto cumque architecto eum. Odit quis enim est deserunt et.', 'Similique sit dolor omnis recusandae eius quis et. Quidem aspernatur aut corporis. Modi sed hic explicabo nobis dolore.', 50, 19, 4, 2, 2, 1558868583, 1),
(2115, 891, 'Magnam pariatur sed quia est esse alias.', 'Laborum quia qui odit eius impedit. Aspernatur qui neque consectetur aperiam unde fugiat.', 'Ullam eius recusandae facilis ut et minima. Cum voluptatum quis ullam ipsa vel.', 'Similique dolor vel ab reiciendis sed et dolore. Ut molestiae est error. Tempora soluta et et aut quos. Provident saepe nihil alias eligendi ut.', 49, 23, 4, 3, 4, 1558868583, 1),
(2116, 892, 'Totam aspernatur voluptatem accusantium ex qui.', 'Est enim non harum molestias sunt. Quia enim sed eum aspernatur quia. Est non neque aliquam.', 'Odio temporibus dolor omnis consectetur possimus quo. Ex totam tempora ipsa ad aut quasi cumque.', 'Dicta numquam magni et cum eum eum maxime ullam. Sit vel fugiat nesciunt. Minus qui ut sed quasi ducimus sed dolor.', 51, 2, 4, 5, 5, 1558868583, 1),
(2117, 892, 'Molestiae aut tempora magni deleniti.', 'Hic enim velit sapiente aut ut. Itaque quam eum non nihil perferendis.', 'Praesentium non doloribus vel quasi rerum in voluptas iure. Fuga qui non et.', 'Cum deserunt vel sed illo. Quo rerum non perferendis est. Cupiditate sunt iure quaerat vel quisquam accusamus accusantium sint.', 1, 1, 3, 3, 3, 1558868583, 1),
(2118, 892, 'Molestiae cupiditate quae ea vitae rem.', 'Sit dignissimos voluptatem autem qui. Error eveniet facere aut libero veniam eveniet magni.', 'Unde a et nihil. Vero et omnis ea magni fuga temporibus modi dicta.', 'Eligendi saepe voluptatem nihil est. Quia adipisci incidunt ut dolores quam. Impedit enim consequuntur quas ut repellat.', 50, 7, 5, 1, 3, 1558868583, 1),
(2119, 892, 'Qui quas facilis facilis impedit.', 'Quod ipsam magnam assumenda autem praesentium enim eligendi. Cumque sapiente dolor nemo sequi.', 'Pariatur dolorem eius blanditiis quisquam sint sit aut. Consequatur vel a suscipit deserunt.', 'Doloribus quo eum saepe delectus unde. Voluptatem corrupti neque non. Vel accusantium nostrum at soluta molestias. Dolor nobis minima beatae ea.', 46, 30, 2, 4, 2, 1558868583, 1),
(2120, 892, 'Fuga autem aut perspiciatis eum ut.', 'Nobis quia qui debitis dolores. Quia molestiae fugit voluptas neque et.', 'Eaque occaecati mollitia sed eos ut. Est aut corrupti laboriosam itaque.', 'Rerum eligendi rem dignissimos molestiae aut. Magni est voluptatibus reiciendis rerum. Ab nam qui sed laboriosam assumenda.', 47, 21, 1, 4, 1, 1558868583, 1),
(2121, 893, 'Officiis doloribus quos fugit aut sit.', 'Illo autem ut aut tenetur. Illo nobis vero enim quo cupiditate necessitatibus.', 'Qui quia in hic occaecati. Aut error adipisci quia.', 'Vero culpa facilis exercitationem. Repudiandae ut fuga id doloribus dolorem. Animi atque et sit culpa.', 46, 10, 5, 4, 1, 1558868583, 1),
(2122, 893, 'Dolores nemo voluptas pariatur corrupti quia.', 'Libero provident eveniet autem sint nisi error. Dolores dolor quis tempore sequi.', 'Ipsa totam iure omnis eum. Ab repudiandae dolore cumque eum vero et. Harum eaque sapiente vel sint.', 'Consequatur ea molestiae consequatur earum veritatis. Qui et perspiciatis eum ipsam.', 47, 7, 3, 2, 2, 1558868583, 1),
(2123, 894, 'Molestiae ut nulla ratione iure.', 'Eius voluptas laudantium itaque. Quas ut nisi aut corporis inventore. Et debitis optio quam rem.', 'Eligendi quia aperiam maxime et doloremque fugit. Nihil nulla quis in est sequi accusamus.', 'Magnam dolore nemo tempora deserunt ut. Eos et perspiciatis dolor laborum reiciendis. Quaerat asperiores laboriosam maxime quam eos.', 52, 22, 1, 5, 4, 1558868583, 1),
(2124, 894, 'Natus sit et tempora tempora.', 'Ipsa sed id aut dolorum sit minima alias tempora. Et at nemo amet.', 'Laboriosam aut in non nam doloremque ipsam occaecati molestiae. Voluptate quis eos ea aut.', 'Enim quam ipsa et aut rem dolor. Nostrum ducimus nam dicta similique vero. Voluptatem facere nulla quaerat et quia sit. Ut iste numquam qui veniam.', 46, 11, 5, 2, 1, 1558868583, 1),
(2125, 894, 'Sapiente laudantium qui sunt natus fugiat rerum.', 'Repellendus ut numquam facere pariatur et explicabo quo. Laboriosam tempora et ad cupiditate magni.', 'Tenetur autem quia natus ea sed. Et tempora sit odit quos. Autem error sit voluptatibus ullam.', 'Et molestiae quas sit consectetur consequatur dolore. Accusantium suscipit porro enim ipsum et et.', 51, 3, 4, 5, 4, 1558868583, 1),
(2126, 894, 'Alias ad distinctio earum consequuntur officiis.', 'Ea aut officiis ut nobis ut qui et. Minima illum pariatur ut. Commodi aut sint voluptate.', 'Quia animi corrupti non quis. Quidem autem dolores et et consequatur et quia.', 'Sit eligendi maiores qui omnis nobis eos nemo. Aut quia natus est ut. Repellendus ratione expedita et molestiae non.', 52, 32, 1, 5, 2, 1558868583, 1),
(2127, 894, 'Iste unde non reiciendis aliquam sunt.', 'Ea aut sapiente numquam et provident consequuntur sequi. Ut voluptatem eaque illo molestiae.', 'Labore fugiat sed culpa ut. Odit et quia voluptatem perferendis consequatur aliquid recusandae.', 'Voluptatem amet dignissimos odio natus. Nam occaecati qui sit itaque sed libero. Et nisi iusto quibusdam laborum est eligendi qui nostrum.', 44, 31, 2, 2, 5, 1558868583, 1),
(2128, 894, 'Et dolorem minus qui porro temporibus et.', 'Quae dignissimos voluptatum nesciunt non. Et ipsa eos asperiores vel suscipit molestias numquam.', 'Et adipisci doloribus nisi. Qui est minima qui ut iusto ut necessitatibus. Est ex eum nobis ut.', 'Rerum quis et totam inventore nesciunt omnis. Incidunt qui adipisci suscipit commodi praesentium quia.', 51, 7, 3, 2, 2, 1558868583, 1),
(2129, 894, 'Quis mollitia nam labore eos nulla possimus.', 'Laboriosam minus minus dolores. In quos consequatur in quo doloribus aut qui esse.', 'Consequatur velit neque est magnam. Iste voluptas quibusdam maxime voluptas veniam labore.', 'Eligendi est eaque atque ipsam nulla placeat maxime. Consectetur quas hic ipsum nesciunt aut est quia. Ullam accusantium voluptas aut maiores quod.', 44, 17, 1, 4, 4, 1558868583, 1),
(2130, 894, 'Excepturi quam quidem odit in consequuntur.', 'Quia vel iste quaerat nesciunt ipsum. Aspernatur consectetur aut et aut rem nobis.', 'Laudantium aperiam enim dolor. Corrupti sit nam asperiores inventore velit.', 'Eos non accusantium maiores voluptatem. Rem facilis asperiores est incidunt et id sed eaque. A deserunt magnam qui consequuntur vitae est et.', 1, 7, 2, 5, 3, 1558868583, 1),
(2131, 895, 'Adipisci mollitia rem quia facere eos.', 'Est vero ratione rerum atque libero. Sed optio explicabo magni.', 'Sapiente iste quas minus et laudantium. Eaque autem labore vel laboriosam.', 'Alias voluptatibus alias omnis consectetur voluptas esse id. Voluptatem repellendus adipisci aliquid qui molestiae.', 1, 7, 2, 4, 4, 1558868583, 1),
(2132, 895, 'Fugit unde ipsam maiores voluptas officia ut.', 'Officiis atque rerum ab saepe. Voluptatem quia doloribus qui nemo amet. Facilis odio rem qui rem.', 'Saepe aut perspiciatis sit maiores enim sunt. Facilis fugiat dolor velit dicta et.', 'Omnis eos molestiae voluptate consequuntur nihil minima qui. Vel molestias voluptatem asperiores molestiae quia aut quidem. Est laudantium et rerum.', 51, 32, 2, 3, 5, 1558868583, 1),
(2133, 895, 'Animi itaque voluptas laborum consectetur.', 'Repellendus dicta et atque inventore. Temporibus et iste nemo deleniti et doloribus dolorum ut.', 'Porro ut quibusdam sapiente neque illum quos. Blanditiis id sunt doloremque vel optio id ad.', 'Non libero cumque occaecati blanditiis. In sed id impedit laborum et voluptatem sapiente odit.', 48, 26, 1, 5, 3, 1558868583, 1),
(2134, 895, 'Officia ullam qui dolorem delectus quo nemo.', 'Sed impedit sint repudiandae quidem explicabo. Atque adipisci porro a molestias.', 'Dolores eum sint occaecati quia. At sit nisi non expedita.', 'Laboriosam aut ut autem occaecati numquam aut. Et incidunt at quos nobis. Ut est quidem est.', 2, 27, 5, 2, 1, 1558868583, 1),
(2135, 896, 'Sunt magnam facere sed.', 'Debitis ut quaerat sint. Ipsam eaque est corrupti iure labore at perferendis.', 'Veniam voluptatem sed id rerum placeat. Et modi illum fuga qui. Non id quidem quia qui.', 'Dolor voluptas cum voluptates tempore. Quia ea eveniet corrupti sint voluptatum sit porro modi. Ducimus laudantium sed totam ullam natus atque omnis.', 50, 8, 5, 1, 4, 1558868583, 1),
(2136, 897, 'Provident rerum ullam sunt tempora nisi.', 'Sunt reiciendis dignissimos ullam. Vel quis dignissimos enim quo aut.', 'Minus aliquam illum reprehenderit esse. Corrupti qui unde consequuntur reiciendis impedit.', 'Rerum nesciunt sunt consequatur. Consequatur officiis at ut placeat eaque velit.', 46, 29, 4, 5, 1, 1558868584, 1);
INSERT INTO `reviews` (`id`, `program_id`, `title`, `pluses`, `minuses`, `common`, `user_id`, `using_time`, `rating_convenience`, `rating_functions`, `rating_support`, `created_at`, `status`) VALUES
(2137, 897, 'Et unde ea iure rerum consequuntur.', 'Vero illo dicta voluptatem. Soluta est velit ipsam totam nihil sit doloribus.', 'Qui sit et debitis est. Velit est ipsam hic iure. Voluptas vel pariatur placeat sit dolorem est.', 'Excepturi praesentium natus animi aut accusantium fuga. Itaque voluptatem ratione pariatur voluptatum sint.', 45, 10, 3, 4, 1, 1558868584, 1),
(2138, 897, 'Quos nulla consequuntur asperiores id cum ab.', 'Et ut hic laboriosam sunt. Ut tempore voluptas qui quisquam et. Ut quos quo veritatis.', 'Dicta ut at occaecati sapiente. Qui delectus natus officiis iure.', 'Quam perferendis eum natus qui quia. Magnam aspernatur asperiores sunt deleniti cupiditate consequatur ut.', 45, 30, 4, 5, 1, 1558868584, 1),
(2139, 898, 'Et necessitatibus ab quia fugit veniam.', 'Sed at eveniet velit assumenda doloremque. Ullam quo recusandae accusamus optio qui.', 'Hic ea minus repudiandae. Quam beatae cum voluptate quidem asperiores.', 'Sunt voluptatibus iusto sed voluptate. A et amet sit et magnam non. Id maxime eos ut modi autem.', 48, 19, 1, 1, 4, 1558868584, 1),
(2140, 898, 'Animi sequi ex itaque.', 'Sed quos assumenda eos nisi sint. Minima quis et rem sunt. Voluptas et soluta nisi est minus ut.', 'Architecto voluptas quidem impedit voluptatum. Dolorem et praesentium aut eos ut.', 'Pariatur sunt id libero odio. Porro iste qui molestias odio quis earum consequatur quae. Eum rem optio expedita quia suscipit blanditiis aut.', 49, 32, 5, 1, 5, 1558868584, 1),
(2141, 898, 'Accusamus inventore similique non velit.', 'Sint illum provident odio nobis odio aperiam et. Quia et quis odio. Placeat quia aut autem aut.', 'Asperiores velit vel quo quos et et. Illum voluptatibus cumque velit voluptates explicabo optio.', 'Rerum aspernatur consectetur qui nostrum. Sunt dolores delectus sed id sint hic. Officia expedita rem praesentium exercitationem.', 44, 24, 1, 1, 4, 1558868584, 1),
(2142, 898, 'Voluptatibus consectetur enim ut sint.', 'Ipsa non voluptatem sapiente. Eius molestiae sunt accusantium adipisci voluptas et.', 'Quas dignissimos dolor rerum voluptate aut non. Et expedita rem tenetur velit iure consequatur.', 'Voluptas ut beatae fugiat quia delectus. Est ipsa excepturi quo aliquam ullam voluptas cum. Temporibus in tenetur neque nostrum.', 51, 27, 5, 4, 3, 1558868584, 1),
(2143, 898, 'Repellat omnis repellat atque veniam.', 'Rerum voluptate voluptatibus voluptatem explicabo maxime. Non dolorem temporibus est odit.', 'Qui suscipit dolor quidem sint neque velit. Quibusdam deleniti atque consequatur ut.', 'Dolorem nam omnis ut voluptate inventore. Commodi odio modi corrupti voluptatum est. Quae est corporis quos odit voluptatem quia voluptatem.', 44, 10, 3, 4, 3, 1558868584, 1),
(2144, 899, 'Omnis omnis assumenda fuga omnis distinctio.', 'Praesentium ipsam vel qui cumque sit. Ullam nulla qui ut cupiditate.', 'Enim quia aliquid placeat rerum. Porro cum quo facere illo. Atque ipsa quas enim rerum eveniet.', 'Deleniti dolor laudantium velit non suscipit rerum. Cum possimus debitis voluptatibus eos et ullam. Modi possimus minus ea.', 51, 33, 1, 4, 4, 1558868584, 1),
(2145, 899, 'Aspernatur cumque eos et delectus est.', 'Quia hic iste dignissimos accusamus qui in. Sed aut et corporis id omnis at facere.', 'Dolor doloremque corporis suscipit quaerat enim vel. Quia omnis earum ut iusto eligendi sed.', 'Suscipit nisi in perferendis. Similique eius quis perferendis. Libero quaerat quia sequi id.', 50, 18, 2, 3, 1, 1558868584, 1),
(2146, 899, 'Numquam quibusdam voluptatem omnis autem ea.', 'Non ut odit illo quam. Exercitationem nemo atque repellendus. Enim ducimus rerum minus et non.', 'Amet ipsa cupiditate iusto vel sit. Quia voluptatem harum saepe non quibusdam eos exercitationem.', 'Molestias et minima molestiae animi. Ut voluptatem ad et sit recusandae laborum. Officia facere quas expedita qui temporibus repellat.', 45, 1, 4, 5, 5, 1558868584, 1),
(2147, 899, 'Magnam ad eaque aut qui qui animi et.', 'Illo amet est eligendi aspernatur deserunt. Et voluptates minus ut quod est minus maxime fugit.', 'Quas amet aut velit est. Culpa cumque rerum harum delectus error rerum.', 'Voluptatum iste odio est nostrum eum nisi possimus. Sit ut iusto qui id harum rerum. Excepturi ratione qui nemo maxime distinctio inventore fuga.', 44, 15, 2, 4, 3, 1558868584, 1),
(2148, 899, 'Fugit voluptatem dolore perspiciatis et.', 'Ab beatae qui velit occaecati. Placeat ut sed laudantium in. Est asperiores voluptas eius.', 'Impedit perferendis quod non in tempora. Fugiat nulla enim est iusto.', 'Atque qui repellat consequatur porro et voluptatem tempore. Voluptas aut aut voluptatum eos vero. Sunt nulla quia quasi tempora cumque porro a.', 44, 30, 1, 5, 5, 1558868584, 1),
(2149, 899, 'Ut enim officiis veniam modi eius.', 'Dolores quibusdam sit temporibus nihil minus laudantium. At magni consequuntur sit quod in.', 'Non ipsa sed rerum aspernatur consectetur. Harum at consequatur illum est saepe.', 'Eius voluptatem fuga nihil et. At necessitatibus quia numquam. Voluptatum veniam dolorem qui occaecati maxime sunt. Qui omnis et non culpa nam.', 45, 24, 2, 2, 4, 1558868584, 1),
(2150, 899, 'Error dolorem velit quia sit.', 'Illo eum harum asperiores nemo et. Officiis magni molestiae eum id neque hic.', 'Ullam id doloribus itaque earum ab dolorem. Nihil et delectus quos earum est neque nesciunt.', 'Temporibus magni minus reprehenderit illum officiis ullam et. Nihil vel vel velit ea. Qui repellendus quis et id ut est.', 52, 4, 1, 3, 2, 1558868584, 1),
(2151, 900, 'Autem quia quo animi est reprehenderit.', 'Soluta ullam officia id quia. Enim vel fuga animi. Magnam debitis est omnis blanditiis.', 'Tenetur et enim occaecati aut. Et suscipit eos dolorum commodi vel et.', 'Id perspiciatis nulla asperiores. Maiores dolorem debitis nisi voluptates quisquam voluptate aut. Aut distinctio dolorem temporibus est.', 51, 10, 1, 5, 5, 1558868584, 1),
(2152, 900, 'Praesentium qui aut qui ut distinctio nihil est.', 'Dolorem unde quis corporis et. Pariatur amet perspiciatis optio odit unde magnam.', 'Enim nostrum culpa enim sapiente. Dolor nihil dolore atque consequatur voluptatem aut et.', 'Voluptas et doloribus quas cum porro ab et. Ratione sit magnam et alias molestiae. Iusto est voluptatum ea veritatis. Quia aut dolor est nesciunt.', 48, 8, 2, 5, 1, 1558868584, 1),
(2153, 900, 'Enim recusandae quia debitis nam.', 'Vitae cum eum est dolores. Velit et eos quia aut.', 'Qui voluptas labore saepe at facere et. Modi in molestiae sunt. At et possimus nisi qui alias.', 'Non a est rerum pariatur tenetur at nemo. Eveniet aut molestiae distinctio corporis aut.', 1, 28, 5, 5, 4, 1558868584, 1),
(2154, 900, 'Fugiat vel dolorum unde delectus et id.', 'Fugit atque tenetur quae id. Dolores sed soluta temporibus voluptas. Vel et qui explicabo voluptas.', 'Necessitatibus soluta in amet sit maxime quibusdam. Consectetur quasi id optio.', 'Praesentium doloribus aperiam ad qui et assumenda. Dolore asperiores est blanditiis ut. Et in sit atque minima.', 44, 18, 2, 1, 4, 1558868584, 1),
(2155, 900, 'Laudantium earum illo illo dolorem est sed.', 'Reprehenderit est quo aspernatur quo fugiat nihil fuga. Quia dolorem officia facere ut quae.', 'Dicta quidem quo at enim quo quos labore. Et voluptas quam et in eaque.', 'Hic nam dolor rerum autem tempore. Iste blanditiis ratione nam omnis. Et at et ut facilis. Quis possimus vel aut neque praesentium qui ad.', 45, 14, 2, 1, 5, 1558868584, 1),
(2156, 901, 'Ut est natus praesentium.', 'Adipisci quo esse non. Sit est itaque atque non qui assumenda. Iusto sint nulla eaque quas.', 'Ut animi tenetur ut quibusdam voluptatem et. Blanditiis praesentium dolor est.', 'Culpa nobis dolorem quis excepturi. Illum velit consequuntur rem ut ut vel quasi. Nostrum et veritatis deleniti hic.', 51, 33, 1, 3, 1, 1558868584, 1),
(2157, 902, 'Aliquid accusamus autem et ipsum sequi.', 'Et voluptatibus qui earum cupiditate. Nam iusto id provident sint. Ducimus corporis sit sit.', 'Fuga culpa commodi qui nemo ad magni. Qui ducimus sit autem culpa.', 'Accusantium nam facere quo tempore ut. Rerum consectetur non iusto. Consequatur harum et sequi unde praesentium in. Incidunt dolorum qui sed harum.', 50, 9, 4, 1, 4, 1558868584, 1),
(2158, 902, 'Iusto ut cum ipsum eos dolores iusto.', 'Fuga praesentium iusto necessitatibus qui. Consequuntur qui laborum delectus quaerat.', 'Eum eum distinctio maxime sunt asperiores aperiam. Enim soluta a sed non voluptatem animi.', 'Voluptatem in sed vitae in deleniti autem. Vitae voluptatem inventore ex voluptatum.', 52, 1, 1, 1, 4, 1558868584, 1),
(2159, 902, 'Maiores dolorum eaque debitis.', 'Numquam earum itaque adipisci quis. Rem sit aperiam ut repellat.', 'Iusto eaque dolores ad minus aut. Eius magnam expedita sint repellat.', 'Illo temporibus asperiores consequatur quasi in qui. Dolores odit ea eos deleniti officia. Est aut ea esse nulla.', 1, 19, 1, 5, 1, 1558868584, 1),
(2160, 902, 'Iste veritatis sit qui magni temporibus.', 'Dicta ut molestiae quia et enim quia aliquam. Quia autem alias quisquam hic.', 'Et recusandae sit autem ut consequatur. Voluptatum qui a in ex aut est perspiciatis aspernatur.', 'Sint molestiae ut odio dolor molestiae. Aut molestiae libero dolorum sunt rerum numquam. Libero ut aperiam expedita voluptatem sit et libero.', 51, 22, 5, 3, 5, 1558868584, 1),
(2161, 902, 'Quae molestiae doloribus aut reiciendis enim.', 'Ut et tempora quasi mollitia nesciunt. Dolor animi odit et temporibus odit architecto impedit.', 'Dicta saepe praesentium et dolor. Ut quam voluptas repellat sit accusantium assumenda consequatur.', 'Atque amet ut quas. Excepturi quasi consequuntur aut error labore ipsa quo.', 47, 12, 4, 1, 3, 1558868584, 1),
(2162, 902, 'Quia cum dicta iusto esse.', 'Aut numquam error ea. Dolorem qui sed reiciendis. Odio quibusdam non quis.', 'Ut reiciendis ad aut molestias incidunt voluptatem harum. Veniam labore in dolorem eum.', 'Eius ipsa id dignissimos omnis. Voluptatibus consequatur officiis vitae. Autem unde consequuntur natus repellendus at ullam.', 47, 11, 3, 1, 1, 1558868584, 1),
(2163, 902, 'Rerum modi sapiente et.', 'Sed consequatur quas assumenda corporis praesentium. Voluptatem quam eum nobis.', 'Magni sed sed perferendis. Molestiae quibusdam voluptatem tempore.', 'Eos optio voluptatem vitae iusto. Est sunt placeat consectetur consequatur. Soluta amet autem sit consequuntur.', 47, 22, 4, 5, 1, 1558868584, 1),
(2164, 902, 'Et et deleniti officiis.', 'Fugiat odio doloribus voluptatem. Repellat molestias sed eveniet.', 'Voluptas dolorum enim ipsam omnis asperiores dolorem. Earum non sit deserunt et.', 'Magnam recusandae et sed. Eveniet sunt ut vero optio autem id eligendi. Eveniet nobis itaque ea vel temporibus nihil.', 46, 20, 1, 2, 3, 1558868584, 1),
(2165, 902, 'Nihil voluptates laudantium temporibus sint ut.', 'Magni vero qui quidem id. Enim quas ut placeat totam sit.', 'Rerum doloribus eum est. Unde consectetur molestiae quod ab. Sed assumenda accusamus non modi quos.', 'Alias sit id fugit. Fugiat ea dolor rem autem voluptatem tenetur est delectus. Voluptates perferendis ex ut tempora vel eaque.', 46, 32, 1, 2, 2, 1558868584, 1),
(2166, 903, 'Est autem minus exercitationem autem.', 'Nobis ex vel cum molestiae. Consequatur non numquam non.', 'Animi aut possimus ut harum. Pariatur sint dolorum consequuntur inventore autem repellat.', 'Illum rerum doloremque facilis eligendi dolor. Inventore et non dolore est voluptatem officiis eius. At voluptas magni sequi quis.', 47, 23, 3, 2, 1, 1558868584, 1),
(2167, 903, 'Consequatur illo voluptas ipsum et.', 'Qui sunt voluptas ab sapiente placeat. Animi dolores iure sint dolorem.', 'Iusto quisquam eum dolore ut unde harum voluptatem. Sit vero est qui ex reiciendis sunt.', 'Quae ipsam debitis commodi rerum cum. Cumque quod aspernatur excepturi quo est veritatis. Ut ullam culpa ut itaque.', 47, 22, 2, 5, 4, 1558868584, 1),
(2168, 903, 'Debitis maxime similique autem porro.', 'Quo impedit quis quam. Vero nostrum temporibus ipsa cumque. Sunt maiores rem quidem.', 'Dolorem ad ad et tenetur. Commodi ipsa reprehenderit voluptatibus suscipit. Non quis eius et aut.', 'Quam sunt vel ipsa quibusdam tempore sint et. Illum vero aut non voluptatem error ut laborum natus.', 49, 34, 5, 3, 1, 1558868584, 1),
(2169, 903, 'Reiciendis id atque aut. In hic voluptates optio.', 'Iste ipsa tempora maiores et. Veniam placeat odit non illo officiis illum.', 'Ipsum nihil delectus repudiandae repellat non eum. Quia dolor vel quisquam aut.', 'Deleniti saepe quia ea reprehenderit. Voluptatem esse iusto tempora consequatur corporis sit ratione ducimus. Iste ullam enim a.', 43, 32, 3, 4, 2, 1558868584, 1),
(2170, 903, 'Velit voluptatum ut magnam animi quas ea.', 'Atque recusandae aut sed quod. Minima illo autem consequatur et cum. Ut magni tenetur est magnam.', 'Dolor eligendi quia vero facilis. Dolorem sapiente ea voluptatibus facilis qui inventore.', 'Occaecati incidunt quia quos et animi. Sint sed et ratione repudiandae. Aliquid commodi fuga cupiditate placeat non sit qui.', 2, 3, 4, 5, 5, 1558868584, 1),
(2171, 903, 'Tempore eos sapiente quia ab quibusdam aut.', 'Temporibus magni et rerum et tempore rerum sed. Nesciunt occaecati omnis et est cum excepturi.', 'Et animi accusamus officiis qui voluptatibus et. Facere ad nesciunt eaque magnam.', 'Quis nemo culpa possimus. Fugiat odit veniam consequatur et accusantium.', 44, 1, 5, 4, 1, 1558868584, 1),
(2172, 903, 'Necessitatibus repellendus rerum non impedit.', 'Molestias molestias nulla nostrum aut. Autem assumenda neque veniam quis et veritatis qui.', 'Nulla ut quia cupiditate temporibus. Eum necessitatibus voluptas laudantium sed quasi sit.', 'Error culpa quo dicta dolorem. Doloremque placeat veritatis consequatur iusto est autem velit. Quisquam excepturi eaque culpa incidunt ipsa maxime.', 52, 34, 4, 1, 3, 1558868584, 1),
(2173, 903, 'Quos culpa iure occaecati sed sed dicta hic.', 'Quis corporis ut vel pariatur. Minima rem quo debitis ut animi quasi.', 'Cum eaque quaerat et. Architecto consequatur accusantium nam et. Totam vel sed delectus ad sit et.', 'Et nam fugiat itaque excepturi. Aut id dicta qui nobis ad qui. Quis soluta rerum et quo. Quisquam consequatur est omnis.', 2, 17, 4, 3, 5, 1558868584, 1),
(2174, 904, 'Odio distinctio ipsam eos.', 'Aut et pariatur non. Omnis et corrupti laborum enim. Sit tempore natus amet ut possimus.', 'Qui explicabo sint ratione qui commodi sit. Pariatur nisi et quaerat aut minus.', 'Totam quis optio cum. Magni inventore quisquam aut molestiae. Exercitationem unde quia voluptatum sapiente rem aut aut qui.', 49, 16, 1, 1, 3, 1558868584, 1),
(2175, 904, 'Ut est sunt est et ipsa labore blanditiis.', 'Ut temporibus explicabo vel nam. Id iste possimus sunt soluta et.', 'Modi temporibus est quos blanditiis voluptates consequatur et. Autem dignissimos neque libero.', 'Consequatur est illo dolores deleniti eveniet. Repudiandae est libero et. Dolor fugiat neque expedita autem.', 45, 31, 2, 1, 5, 1558868584, 1),
(2176, 905, 'Est quae earum fugiat sed odio eos adipisci.', 'Id labore pariatur aut tempore qui. Expedita voluptatem dolorum ex ut.', 'Aut rem at nemo ut. Dignissimos est amet quidem.', 'Eos soluta eos laboriosam ut ut cumque dicta et. Nobis maiores eveniet pariatur. Nisi cum asperiores omnis.', 43, 3, 2, 1, 2, 1558868584, 1),
(2177, 905, 'Velit reiciendis velit aliquam et ipsam ut.', 'Nesciunt enim quis voluptas magnam. Rem doloribus et nostrum deleniti.', 'Iure praesentium accusantium quia hic aliquid. Quam et ut quisquam ut nesciunt dolor.', 'Est et ut rem. Itaque est eveniet expedita dolore dolore. Rerum qui commodi esse amet ad ipsum quidem. Qui maxime vel quod et vero ea accusantium.', 44, 33, 5, 3, 5, 1558868584, 1),
(2178, 905, 'Nihil id dolores impedit magni.', 'Similique cumque quia quis at. Aut eaque soluta repudiandae. Rerum qui odio possimus expedita.', 'Nemo repudiandae eligendi omnis est. Minima quo aut itaque ut.', 'Possimus enim deserunt similique cumque enim. Mollitia tenetur alias similique cum. Et eum doloremque sapiente repudiandae fugit vero et.', 1, 3, 5, 4, 1, 1558868584, 1),
(2179, 905, 'Odio repudiandae qui enim.', 'Sapiente impedit autem est est. Velit recusandae distinctio aut id.', 'Amet maxime rerum ullam perspiciatis. Omnis inventore inventore sed ratione accusantium saepe.', 'Omnis est delectus atque officiis nostrum. Eveniet nisi unde harum qui. Quae quibusdam qui incidunt ipsa sit.', 43, 21, 4, 2, 2, 1558868584, 1),
(2180, 905, 'Ullam et vero numquam quis qui.', 'Cum quia praesentium sed similique omnis. Minima quibusdam ut qui ipsa.', 'Qui placeat consequatur qui ea et id. Facilis quo ab perferendis aut. Dolorem aperiam vel natus.', 'Tempore a et nobis porro. Veritatis omnis architecto nulla suscipit quibusdam. Cupiditate nisi doloremque ratione maiores.', 2, 34, 3, 5, 4, 1558868584, 1),
(2181, 905, 'Quos quia sed illo id quo hic fugit.', 'Optio aut assumenda veritatis odio atque et. Sint inventore maiores molestiae ut minus atque.', 'Adipisci quisquam aperiam aspernatur. Quia fugiat labore non ut ut iusto ut.', 'Corporis ipsam qui et voluptatum natus. Nesciunt qui minus minus aut modi sunt possimus. Autem voluptatem iste et repellat voluptatem aut.', 48, 2, 1, 5, 4, 1558868584, 1),
(2182, 905, 'Minus sed sit illum ea non ut dolores.', 'Odio omnis mollitia quod veniam. Totam dolore illum voluptatem et maiores.', 'Placeat magnam eos deleniti nam quia totam sit. Velit nostrum natus maxime sit ipsam.', 'Maxime sed provident sit similique. Doloremque voluptatem quo molestiae voluptatem atque molestias odit. Rem doloribus nesciunt iusto.', 44, 22, 4, 4, 4, 1558868584, 1),
(2183, 905, 'Cum blanditiis sed odit et inventore.', 'Provident autem nisi omnis alias est voluptas ut atque. Temporibus aut quibusdam vel id.', 'Ducimus quidem voluptatem et reiciendis. Eos quo suscipit nemo delectus qui.', 'In sed vel velit ad nesciunt. Iste ducimus vel ut corporis ut et. Quod voluptas dolores dolore adipisci.', 45, 2, 2, 3, 1, 1558868584, 1),
(2184, 905, 'Voluptatem sit recusandae alias facere.', 'Neque aut quia ut rerum enim. Sequi quia unde nemo illum qui aut et.', 'Aut magnam laudantium hic commodi velit. Nemo ipsa cupiditate facere voluptatibus ut et.', 'Aut ut aliquam quis rerum reiciendis. Quis doloribus ratione quam saepe repellendus. Quo quisquam ducimus modi voluptatibus natus sed recusandae.', 46, 17, 4, 2, 1, 1558868584, 1),
(2185, 906, 'Sequi ad nemo sit ratione.', 'Accusantium sit dicta et labore est. Et molestiae voluptates quis maiores. Nihil corporis est sunt.', 'Aut debitis atque laboriosam sunt accusamus. Blanditiis voluptate voluptas aliquam aut ut commodi.', 'Porro consectetur sint distinctio error. Incidunt eaque dolor reprehenderit architecto ab vel molestiae. Sit unde enim tenetur qui.', 43, 20, 2, 5, 1, 1558868584, 1),
(2186, 906, 'Et sint et aut quia optio neque.', 'Eos aut accusantium vitae. Sit fugit quam et consectetur ipsam autem. Voluptatem sunt sit eum.', 'Totam fugiat vel quod saepe distinctio placeat. Quidem alias quos a. Veniam iure officia nihil et.', 'Mollitia quas minus amet ipsa aut veniam. Minima facilis perspiciatis cumque et ea architecto sit aut. Ut ipsam possimus et autem.', 50, 2, 2, 3, 5, 1558868584, 1),
(2187, 906, 'Facilis magnam assumenda doloremque quae.', 'Nam quibusdam iusto expedita. Sunt labore facere dicta accusamus nulla rerum qui.', 'Aut vel ducimus atque quia ut rerum. Impedit dolorem rerum tempora placeat nulla.', 'Reiciendis quaerat doloribus accusantium sit ipsa fuga ut. Ducimus autem minus animi et eaque. Nesciunt eos in natus qui.', 2, 12, 1, 1, 3, 1558868584, 1),
(2188, 906, 'Eius alias consequatur quia eos quisquam quae.', 'Laboriosam veritatis deserunt rerum ut quis dolor. Et sit ipsa et qui cumque laudantium.', 'Blanditiis vitae laborum et quia vel et. Incidunt soluta cum sit.', 'Deleniti voluptas sequi magni quod vitae. Dignissimos porro odit eos perferendis culpa. Impedit ex id nobis ratione veniam quasi.', 1, 3, 2, 3, 4, 1558868584, 1),
(2189, 906, 'Consequatur impedit esse quisquam.', 'Hic ad aut rem beatae harum. Et et praesentium dolor sequi dolorem.', 'Est et odio iusto eum. Rem consequatur ut voluptatibus. Incidunt sit eos et qui omnis ea iure.', 'Rerum impedit quibusdam autem ea distinctio vel. Labore deleniti alias saepe in aliquam. Expedita qui ut eligendi.', 43, 25, 4, 1, 1, 1558868584, 1),
(2190, 906, 'Quis quia a esse officiis similique rerum omnis.', 'Quo ab recusandae dicta molestiae ut mollitia tempora porro. Qui minus consequatur quia dolorem.', 'Dolorem occaecati quam aut quia nemo delectus nesciunt. Nobis est a assumenda explicabo iusto sit.', 'Quibusdam eligendi modi a nisi voluptas consequatur. Eligendi laborum mollitia ut sint officia. Sed expedita voluptatem odio voluptates sit rem.', 51, 3, 4, 5, 2, 1558868584, 1),
(2191, 906, 'Tenetur hic consequatur porro ipsa pariatur sit.', 'Inventore sunt voluptatibus suscipit nemo praesentium. Sed odit fugit similique est reiciendis.', 'Ipsam aut tenetur ea modi. Numquam quae a corrupti a magnam. Mollitia perferendis vel esse.', 'Hic ut sequi rerum placeat saepe perferendis dolores. Non est nisi ab illo qui. Id tempore non laborum eum.', 52, 32, 5, 3, 5, 1558868584, 1),
(2192, 906, 'Et id rem officia asperiores.', 'Veritatis odit velit enim dolor animi. Est laborum qui dolores facilis voluptas iure.', 'Animi et delectus beatae. Quo sed est vero quos et. Ducimus debitis et maiores voluptatibus.', 'Eum voluptatem impedit autem eos veniam velit quis. Rem et quisquam fugit sed facere. Ut saepe nesciunt et nesciunt.', 45, 32, 5, 1, 5, 1558868584, 1),
(2193, 907, 'Expedita quia cum nesciunt ea vitae magni.', 'Sit dolorem odio omnis ut. Sit rerum porro et animi et temporibus. Corrupti omnis ad eum eos.', 'Doloremque iste nihil id iure corporis. Aut autem vel dignissimos veniam quo tempora sapiente.', 'Culpa minima sint dolorum suscipit. Expedita repellendus voluptas vitae.', 46, 15, 3, 5, 1, 1558868584, 1),
(2194, 907, 'Quo provident ab quibusdam rerum eos sunt.', 'Dicta dolores natus cupiditate nobis ipsa. Enim et esse dolorem fugit quasi veritatis fuga ut.', 'Quia corporis vel modi nesciunt. Eum culpa odio voluptatem est magni.', 'Aut in qui quae perspiciatis repellendus. Quaerat a ut consequuntur rem.', 44, 15, 2, 5, 4, 1558868584, 1),
(2195, 908, 'Temporibus voluptas consequatur hic sint.', 'Voluptas id dolor ipsum dolore et dicta. Mollitia voluptate vero enim odio ad.', 'Quia nam facere eos quasi consectetur cupiditate aut. Sit incidunt est quasi laborum a ipsa.', 'Pariatur et perferendis hic placeat. Voluptas sunt quibusdam quod neque. Numquam quod eum architecto id.', 52, 13, 3, 2, 5, 1558868584, 1),
(2196, 908, 'Suscipit odit nihil animi.', 'Recusandae optio voluptatem qui blanditiis. Numquam eius qui unde.', 'Ut ab deleniti aut. Optio maxime ut velit eaque animi nihil consectetur.', 'Doloribus veritatis minus voluptatem pariatur et ad. Dolores aut nihil officiis dolorem consequuntur.', 44, 34, 1, 4, 5, 1558868584, 1),
(2197, 908, 'Quo et autem quae non repellendus autem.', 'Aut est maiores vitae iure. Cumque in repellat in officia aut id vero non.', 'Ad saepe omnis a quia. Similique non laborum ut qui omnis sint. Dolor et temporibus dolorum error.', 'Nisi voluptates consequatur officiis. Doloremque aut suscipit eum ullam veritatis voluptatem. Autem et distinctio qui velit in at.', 2, 11, 1, 2, 3, 1558868584, 1),
(2198, 908, 'Rerum incidunt quibusdam et natus doloribus.', 'Similique vero dignissimos quibusdam sunt dolorum aliquam cumque. Aut laudantium hic qui.', 'Voluptatem reiciendis deleniti aut. Aut hic maxime et. Maxime dolores facilis odit quis.', 'Esse eveniet qui et omnis. Corrupti aliquam non ut cumque velit. Nisi aut magnam quis tempora recusandae.', 47, 12, 4, 5, 1, 1558868584, 1),
(2199, 908, 'Eos ut voluptas totam sit omnis.', 'Qui magni id nobis quae. Et eum molestiae impedit.', 'Totam eos soluta dolore facere quia magni. Sint sint cupiditate et. Officia expedita ullam vero.', 'Iusto fugiat accusamus laboriosam pariatur qui aut quia veniam. Cumque repudiandae dolorem quas animi.', 1, 26, 2, 3, 5, 1558868584, 1),
(2200, 908, 'Rerum eligendi aliquid ad.', 'A sunt repellendus excepturi. Voluptate minus eos repellendus nemo autem explicabo dolorem totam.', 'Eligendi eos consectetur enim saepe. Voluptatem sed ut dolor deserunt ducimus deserunt.', 'Minima et quae omnis tempore. Voluptatem voluptas eaque vero non aspernatur perferendis vel. Non qui molestiae voluptatibus accusamus.', 48, 2, 3, 2, 4, 1558868584, 1),
(2201, 908, 'Numquam dolor animi voluptatem laborum.', 'Enim doloribus aut rerum veniam molestiae voluptatem. Repellat optio sed velit iusto at odit rerum.', 'Ea ad iste totam. Id et velit reiciendis suscipit ut voluptatibus. Est magnam architecto amet cum.', 'Id autem deleniti aut. Ut beatae nulla est est nostrum aliquam.', 47, 17, 2, 3, 5, 1558868584, 1),
(2202, 908, 'Vitae ducimus voluptas cum et aut est quae.', 'Esse dolores cum qui et eveniet labore. Rem omnis dicta omnis libero. Eaque qui voluptas quod.', 'Laudantium rerum libero ut excepturi qui possimus nihil. Aut error voluptas alias. Sunt quia in ut.', 'Sed veritatis sed voluptatibus ad quis et. Reiciendis aut illum libero neque earum. Quod enim debitis voluptatem in at.', 52, 6, 4, 4, 3, 1558868584, 1),
(2203, 908, 'Veniam illo vero rerum qui dicta.', 'Quia excepturi consequatur veniam rerum consequuntur. Dignissimos ut facere alias.', 'Exercitationem magnam aut architecto vero qui. Est et veniam quis incidunt voluptas ab modi.', 'Odit ut iusto a odio aspernatur. Dolor accusantium hic debitis ut nesciunt accusantium in nulla.', 46, 17, 1, 3, 4, 1558868584, 1),
(2204, 909, 'Quis ducimus et repellat molestiae.', 'Exercitationem eius sint tempore omnis. Asperiores quo dolorem et natus.', 'Sed aut animi est minus. Deleniti id sit pariatur dicta. Ea et veniam beatae.', 'Non ducimus non suscipit quasi adipisci eum nihil. Iste non dignissimos at et aut officiis deleniti. Aut inventore corporis quae quo.', 52, 30, 3, 4, 5, 1558868584, 1),
(2205, 909, 'Aperiam soluta est vero corporis est.', 'Iusto qui perspiciatis omnis enim. Non at iusto explicabo ut. Ea ipsam animi optio nobis aut nisi.', 'Eius quis inventore dolores neque consequatur a et. Et quae illum aliquid est minus odit.', 'Tempore culpa voluptatem voluptatem aspernatur. Nulla delectus delectus exercitationem. Adipisci eveniet repellendus id voluptates autem quis.', 44, 3, 1, 3, 3, 1558868584, 1),
(2206, 909, 'Maiores ipsa praesentium quis est expedita.', 'Ex est fuga voluptas velit dolorum rerum. Iste itaque in est delectus ea vel.', 'Dolore pariatur est omnis et nihil. Fugit et mollitia asperiores quo.', 'Iusto rerum atque rerum aut. Praesentium et ut et ratione quos. Magnam dolores est pariatur rerum.', 45, 17, 3, 4, 4, 1558868584, 1),
(2207, 909, 'Cum nisi vel quia quod dignissimos.', 'Deleniti minima ea culpa et et deserunt at quas. Nulla eos vitae velit est.', 'Numquam molestiae explicabo est. Debitis laudantium atque sit officia dolor iste corrupti.', 'Fugiat laudantium dolores saepe et corrupti velit voluptas. Facilis placeat non accusamus sed repudiandae. Sit libero et nisi et.', 2, 14, 5, 3, 4, 1558868584, 1),
(2208, 909, 'Iusto tempora et praesentium et sit quis magni.', 'Non et voluptatem adipisci labore cum sed qui porro. Quo assumenda ab ut ut consequuntur vel et.', 'Voluptate architecto a et ullam hic. Explicabo cum excepturi praesentium sapiente minus.', 'Natus qui sit dolorum optio est eaque. Architecto eum corrupti at et. Fugiat alias nihil saepe. Eius et mollitia ipsum et recusandae.', 1, 14, 1, 3, 3, 1558868584, 1),
(2209, 910, 'Error nobis quo id dolorum aliquam.', 'Quibusdam dolores qui qui perspiciatis. Ea nobis ipsam explicabo eligendi eius non dolorem.', 'Et voluptatem animi iure veritatis rerum. Ut eaque similique rem fugit ut quidem cupiditate.', 'Sed quam voluptate eum a temporibus. Unde magni voluptas asperiores officia et natus et. Aut minus dolor quae voluptas rerum.', 47, 26, 2, 1, 5, 1558868584, 1),
(2210, 910, 'Quo enim est odit reprehenderit.', 'Et nobis consectetur ut ducimus natus et qui. Eum voluptatem unde explicabo fuga sit aspernatur.', 'Optio illum qui accusamus temporibus. Est sed iste sed.', 'Ut et quod vel aut aut numquam sit. Ut est et repellat eius ex rerum labore. Omnis nam sint similique. Corrupti enim qui accusantium dolorem.', 2, 20, 1, 1, 4, 1558868584, 1),
(2211, 910, 'Unde est velit ea cumque earum et.', 'Aut quisquam occaecati reprehenderit facilis et mollitia exercitationem. Qui soluta aut est ea.', 'Ipsam quis est est qui. Facilis magnam aut omnis velit. Veniam laudantium in et.', 'Laboriosam enim et cum ea tempora qui. Aut dolores earum vel quae ea nam. Quos illum dicta quia laboriosam.', 46, 11, 5, 2, 4, 1558868584, 1),
(2212, 910, 'Vel rerum tempora eaque vel dolores alias.', 'Quasi quae iste consequatur deserunt. Ratione delectus minus nisi. Provident magni rem nostrum.', 'Et quo pariatur et dolore aut magnam. Eum eos animi sit sequi.', 'Commodi perspiciatis ut illum natus. Aut libero ipsa fugit. Rerum occaecati nobis cumque blanditiis sed.', 46, 30, 4, 1, 2, 1558868584, 1),
(2213, 910, 'Id et consequatur maxime doloribus.', 'Omnis est pariatur id illum. Hic sint voluptas error cum.', 'Magni ratione atque ea aspernatur. Delectus sed rerum molestias illo ducimus dicta rerum.', 'Harum perspiciatis id ipsam qui nulla aliquam voluptatem. Doloremque ipsam alias asperiores vitae rerum.', 49, 31, 3, 5, 2, 1558868584, 1),
(2214, 910, 'Quibusdam ut et ratione in voluptas sit hic.', 'Sed accusantium eos vel dignissimos. Eum dolorum ut molestiae inventore dicta consequatur.', 'Neque exercitationem rerum qui ratione accusamus aperiam. Quasi ratione quisquam a.', 'Dignissimos et non voluptas vel. Nostrum nobis voluptas sapiente ut. Doloremque amet odio alias. Ea labore magnam ut et.', 1, 12, 4, 3, 4, 1558868584, 1),
(2215, 910, 'Et dolorem repellendus mollitia nam.', 'Laborum rerum dolore eum et voluptatibus. Enim assumenda delectus est.', 'Ipsa asperiores libero nemo sed. Omnis sapiente et cum est.', 'Cum repellendus recusandae qui. Cumque est ut quibusdam quia accusamus. In perferendis dolor quis ex porro. Pariatur vero animi fugit nihil.', 2, 2, 4, 4, 5, 1558868585, 1),
(2216, 911, 'Illo animi rerum aut cumque dolore.', 'Sed tempora debitis est quibusdam ex optio. Assumenda eos enim ab.', 'Velit necessitatibus aut consequatur impedit ut voluptas. Animi provident est labore omnis ut.', 'Exercitationem est reiciendis culpa iusto. Cum alias sed est illo delectus voluptas voluptas. Labore aut at a esse.', 52, 6, 3, 4, 1, 1558868585, 1),
(2217, 912, 'Animi dolores mollitia sed voluptas.', 'Voluptatem officiis sit rerum sed sit fuga suscipit. Ipsa ut ea vero sit minima.', 'Asperiores quod nesciunt rerum sunt. Ratione deleniti itaque corporis alias.', 'Impedit cum aliquid et et quidem quas consequatur. Libero aut aut aut facilis. Perspiciatis sit dignissimos est aut consequatur eum vel.', 2, 19, 5, 4, 1, 1558868585, 1),
(2218, 912, 'Nulla et est ea quisquam. Quis sunt quae quis.', 'Quisquam quo est alias consequatur dolores voluptatibus. Sequi voluptatum illum sit et ab ut.', 'Enim quia sapiente dolorem. Libero reiciendis sint et. Nisi temporibus nulla molestias sed.', 'Cum voluptatem sed officia minus. Et quia eos quibusdam aut est corporis odio omnis.', 43, 3, 5, 1, 1, 1558868585, 1),
(2219, 912, 'Ab ipsa ipsum ut ipsum voluptatibus.', 'Ex eveniet ut non id incidunt. Quam dolorum natus modi rerum.', 'Corrupti quae iure harum itaque esse. Qui perspiciatis cupiditate corrupti distinctio.', 'Praesentium repellendus autem in commodi. Sit voluptatem similique culpa. Laboriosam animi ea et consequuntur qui rerum quia.', 1, 28, 1, 4, 2, 1558868585, 1),
(2220, 912, 'Nihil voluptas neque molestiae.', 'Voluptas est et nostrum ipsum dolore accusantium animi. Quisquam quis recusandae voluptatem ad.', 'Soluta deserunt ipsum dolores et in nemo corporis atque. Quis nostrum omnis excepturi ut.', 'Amet est inventore ut fugit est hic eius. Asperiores saepe reprehenderit eum nihil. Ut quos qui dolorem nihil. Aut nesciunt accusamus quaerat ut.', 44, 3, 5, 5, 4, 1558868585, 1),
(2221, 912, 'Culpa sit quos reiciendis.', 'Praesentium autem labore ipsum autem impedit mollitia. Saepe vel porro quos placeat.', 'Velit sequi facilis totam est. Et odio est ipsam sed aut sed. Incidunt et esse quasi tenetur in et.', 'Dolore eveniet quia cumque possimus consequatur quasi sunt. Sint id quis quia ad. Dolores reiciendis sit officia omnis laudantium.', 51, 30, 1, 3, 1, 1558868585, 1),
(2222, 912, 'Modi et ad non doloribus ut.', 'Ea officiis ut ducimus alias. Id accusamus sunt saepe ducimus cupiditate vero dolorum.', 'Ex animi nesciunt et odio. Quia voluptas velit tenetur odio et.', 'Cupiditate consequatur sint est quia nulla tenetur aut mollitia. Sint quisquam ut possimus facilis architecto sed. Necessitatibus ea quas aut.', 1, 28, 1, 5, 4, 1558868585, 1),
(2223, 912, 'Tempore nihil impedit veniam sapiente.', 'Velit ab amet quia. Cumque eum dicta quo dolores modi sunt.', 'Dolore aliquid maiores nulla voluptatem provident est. Aut qui nam et quo corrupti minima et.', 'Expedita aspernatur eius mollitia molestiae dolores quia eum. Non cum porro quia. Molestias sit mollitia praesentium eum assumenda possimus modi.', 47, 30, 5, 1, 3, 1558868585, 1),
(2224, 912, 'Repellendus dolore aut tenetur et officia eum ut.', 'Quod eius a tempora velit maiores. Quia ratione aut praesentium non.', 'Quis ex id culpa. Vel sit ipsam saepe tempora non reprehenderit.', 'Itaque dolorum sit veritatis sunt reiciendis ipsum. Aliquid cupiditate dolor voluptatem et. Libero eligendi error ipsum autem quos.', 52, 9, 4, 2, 3, 1558868585, 1),
(2225, 913, 'Quia labore commodi quae libero.', 'Aut ut sed aut soluta. Nobis et labore sint dolorem aut. Quibusdam nihil qui illum est.', 'Est odio id quis. Dignissimos aut ipsam sed unde quisquam. Enim ab ut dicta.', 'Quidem aliquam iure quae cupiditate non aut. Deleniti ea aut odit explicabo. Voluptatem quis quia dolorum quo et possimus iste.', 48, 26, 3, 2, 4, 1558868585, 1),
(2226, 913, 'Est ut earum est vel non possimus.', 'Asperiores facilis omnis dolorem. Et quos enim necessitatibus beatae.', 'Ut voluptas vel aut dolore voluptates et voluptas. Deleniti repellendus enim totam quos.', 'Quia dignissimos provident in est soluta. Blanditiis perspiciatis atque odit unde et et. Id error nam molestiae quia eum dolore.', 43, 19, 1, 4, 5, 1558868585, 1),
(2227, 913, 'Ea placeat nesciunt rerum alias dolorum et qui.', 'Consequatur iure omnis consequatur enim modi ut et vel. Aperiam velit numquam porro et molestiae.', 'Quas qui harum laborum exercitationem nesciunt sint quis non. Atque ullam enim itaque cupiditate.', 'Accusamus aspernatur magni rem fugit sit voluptatibus. Sapiente voluptas soluta rerum eaque non sed. Quia earum fuga recusandae nobis.', 49, 9, 2, 5, 1, 1558868585, 1),
(2228, 913, 'Eum velit vel dolorem numquam aut dolorem.', 'Quasi facilis et aut optio. Sed ut enim sunt aut provident ut. Magni aut dicta saepe aut aut et.', 'Ut sit mollitia et. Dolores ipsam est minima tenetur.', 'Dicta minus et est voluptas nulla. Quis quam dolorum molestiae ducimus asperiores magnam. Aut enim sunt maiores tenetur. Est odit aut quia neque.', 1, 18, 3, 2, 4, 1558868585, 1),
(2229, 913, 'Incidunt optio est quia commodi suscipit.', 'Dolore ut blanditiis nisi ea. Voluptate at eos quos eaque quaerat aliquam.', 'Et et eligendi quis velit. Voluptate sit unde repellat cumque.', 'Nam quaerat voluptas repellat error. Ad sint eos veniam. Aut quia tempore nihil libero distinctio mollitia veritatis quidem.', 45, 9, 5, 2, 4, 1558868585, 1),
(2230, 913, 'At id et nobis.', 'Nihil quae velit est. Autem quibusdam ut quam eum et et quod.', 'Quibusdam corrupti molestiae mollitia magni. Doloremque magni officiis ut et.', 'Facilis et distinctio numquam ipsum voluptas voluptatem. Pariatur enim quia distinctio. Id sequi molestiae blanditiis natus rerum eaque.', 47, 2, 1, 5, 5, 1558868585, 1),
(2231, 914, 'Voluptas a ipsam officiis unde itaque magni.', 'Illum quis tenetur inventore. Natus repellendus et optio corrupti.', 'Facere quis ullam velit fugiat ipsum. Qui sint molestiae aut. Illo consectetur sit dicta impedit.', 'Ut nobis quidem non officia qui consequuntur. Ea at adipisci impedit molestiae. Soluta eos et ex.', 2, 17, 4, 3, 2, 1558868585, 1),
(2232, 914, 'Molestiae officiis autem et nisi voluptas qui.', 'Qui nostrum eveniet id quia. Aut fugit repellat ut voluptates provident sit nam.', 'Unde voluptatem velit et quidem ut. Quaerat est excepturi omnis quas.', 'Qui id nesciunt sed sequi totam veniam. Debitis sunt id quisquam qui ratione autem. Voluptate minus qui sequi hic ipsa et.', 52, 14, 5, 3, 3, 1558868585, 1),
(2233, 914, 'Doloremque blanditiis velit nisi est tenetur.', 'Fugiat aut recusandae explicabo quibusdam. Quia autem ducimus perspiciatis quidem unde qui qui.', 'Magnam dolor aliquid quae et. Itaque architecto vitae quia sint et.', 'Et adipisci dolores explicabo ullam. Nobis a et temporibus ducimus eaque quod ipsum. Itaque expedita asperiores rem.', 50, 28, 3, 5, 3, 1558868585, 1),
(2234, 914, 'Officia aperiam fugit qui recusandae blanditiis.', 'Non officia quo porro ratione fugit. Optio error rerum voluptatem.', 'Voluptas aut quo enim et laborum. Quaerat voluptatum et alias. Amet quia nobis unde.', 'Ea at et corporis cumque reprehenderit alias quo. Aspernatur doloribus nisi sunt distinctio sunt et. Omnis repellat nisi ipsa tempora.', 47, 9, 2, 2, 5, 1558868585, 1),
(2235, 914, 'Autem unde impedit molestiae nostrum.', 'Voluptatem amet nostrum soluta doloremque accusamus. Officiis et quia vitae enim.', 'Vero quaerat perspiciatis maxime omnis vitae. Illo sunt aut sit odit dignissimos iure velit.', 'Quis nisi enim iusto minus maiores ut sit. Sunt et sequi a. Eveniet adipisci ducimus et corporis. Accusamus incidunt voluptatem culpa amet aut modi.', 1, 3, 3, 3, 5, 1558868585, 1),
(2236, 914, 'Sunt aut quis omnis suscipit occaecati.', 'Dolorem ut animi assumenda cumque ratione commodi. Vel voluptatum repellendus aut deserunt impedit.', 'Voluptatem debitis voluptatem illo quam. Nisi velit quia non. Aut aut consequatur maiores sunt sed.', 'Quo fugit quae autem. Beatae maxime dolorum nisi. Vitae et sed qui debitis. Ea et totam qui. Fugit magni vel consectetur reprehenderit consequuntur.', 51, 30, 2, 3, 4, 1558868585, 1),
(2237, 914, 'Harum et repudiandae magni animi sit.', 'Laboriosam et et ut sit repudiandae sed. Consequatur enim eveniet commodi qui nisi autem.', 'Aut labore eos ullam quibusdam eos. Ut explicabo impedit sed. Eos aut nisi sequi deleniti.', 'Incidunt dolorem reiciendis exercitationem molestiae tempora repudiandae. Enim sit dolorum qui veniam deserunt. Enim rem nam voluptate consequatur.', 1, 13, 5, 4, 1, 1558868585, 1),
(2238, 914, 'Excepturi modi nemo qui optio.', 'Eum aut dolorem est voluptatem. Qui magnam autem qui laudantium.', 'Et vero voluptas consequatur molestiae. Dolorum sint qui voluptas veritatis aut.', 'Doloribus voluptas eaque eius. Culpa aut cupiditate odit qui cumque. Omnis in nobis quae inventore. Sint numquam neque corporis natus.', 51, 33, 5, 4, 3, 1558868585, 1),
(2239, 915, 'In qui aut aspernatur corrupti.', 'Accusantium qui vitae ea natus sed impedit consequuntur. Voluptatem modi nihil dolores fuga.', 'Sed id asperiores praesentium est omnis deserunt. Perferendis eum laborum voluptas.', 'Quo animi aut est. Nihil deleniti fugiat error perferendis. Illum error ut architecto non qui. Veniam delectus et porro maxime.', 1, 14, 1, 4, 5, 1558868585, 1),
(2240, 915, 'Et dolor ipsa accusamus praesentium quo ut.', 'Nobis et cumque rerum ab autem iusto. Quia et consectetur et dolorum delectus sint odit.', 'Quam quidem vitae blanditiis sit alias quia. Nesciunt ut iste fugit mollitia.', 'Et eveniet sunt corporis occaecati iste est placeat. Omnis rerum exercitationem repellendus dolores.', 51, 20, 5, 5, 4, 1558868585, 1),
(2241, 915, 'Pariatur earum vel esse similique vel aspernatur.', 'Cumque sit qui deserunt doloribus. Dolorem aspernatur ut eveniet et.', 'Omnis culpa perspiciatis ut ducimus. Minima vel quod ut odit aperiam dolores optio.', 'Fugit iure sunt ut ut ut eos. Quae neque voluptatum quo eum. Qui id minima dignissimos sed voluptates rem. Ut corporis ea itaque accusamus et ex.', 47, 14, 4, 1, 1, 1558868585, 1),
(2242, 915, 'Quo omnis similique et ut quia fuga.', 'Dolore qui neque fugit ex ab eos ut tempore. Facilis dolor officia perferendis quibusdam.', 'Optio nam voluptas a. Qui voluptatem ipsum magnam omnis quia.', 'Illum totam ut autem doloremque impedit et. Atque aut sint nisi dolores quo et. Autem inventore sed laboriosam aut qui.', 49, 19, 4, 4, 5, 1558868585, 1),
(2243, 915, 'Non amet id at ipsam sunt ullam corporis.', 'Et culpa ut quia et veniam. Suscipit iusto vel voluptates eaque animi. Velit quisquam aut ut nisi.', 'Veniam cupiditate est qui maiores quis qui et. Dolore in voluptas totam aut.', 'Velit exercitationem id eum et laudantium et est ab. Et quia qui voluptates autem officiis est veniam. Est ut culpa consequatur qui tempore id.', 1, 3, 4, 2, 2, 1558868585, 1),
(2244, 916, 'Aut voluptatem est adipisci est dolor autem.', 'Eum molestiae sit in voluptatem. Ipsum vero facere non ex nostrum eum.', 'Sunt illo possimus et esse. Aut et dignissimos quo alias. Quo enim esse quis iusto aperiam maxime.', 'Repellendus in ea velit sapiente tempore eligendi. Hic enim suscipit qui aut vel. Nobis qui culpa consequatur libero blanditiis.', 46, 11, 3, 4, 4, 1558868585, 1),
(2245, 916, 'Omnis a assumenda veritatis ut.', 'Inventore est sit modi ut quo odit. Porro molestiae non esse impedit.', 'Nisi et voluptates illo eos. Debitis ut unde asperiores aliquam dolore ipsum.', 'Quis libero facilis repellat accusamus dicta. Sunt et consequuntur ipsa ut cum. Ut magnam esse magnam sunt ea iste officia.', 49, 31, 1, 3, 3, 1558868585, 1),
(2246, 916, 'Voluptatibus qui velit consequatur et.', 'Consequuntur consequatur ratione hic. Et quia enim consectetur iste.', 'Quas dolor deleniti libero numquam omnis impedit. Et veritatis voluptatem praesentium inventore.', 'Repellendus suscipit enim at quasi. Cumque reiciendis doloremque dolor et. Et quam amet harum ex inventore.', 45, 27, 5, 2, 3, 1558868585, 1),
(2247, 916, 'Laborum eaque sint facilis culpa a ex.', 'Iste dolor eaque voluptatem repellendus exercitationem omnis iure. Est adipisci natus ea minus.', 'Ad omnis est corrupti. Quod pariatur ut excepturi qui.', 'Qui voluptatibus quia delectus qui in. Mollitia recusandae est tempore vitae. Harum et ut sint enim possimus error.', 2, 8, 2, 2, 1, 1558868585, 1),
(2248, 916, 'Et iste aperiam fugiat possimus et a corporis.', 'Itaque et non qui ipsa veritatis vel et. Recusandae odit cum mollitia. Nisi error laborum est et.', 'Eum quo cum ipsam. Rem alias rerum odit sit facere.', 'Quia consequatur delectus ut consequatur porro laborum beatae. Et perspiciatis labore facere est commodi.', 1, 23, 3, 2, 5, 1558868585, 1),
(2249, 916, 'Doloribus aut animi sed non quia officiis enim.', 'Qui id et maxime molestiae porro. Harum maxime repudiandae eos aut placeat ex.', 'Harum voluptatibus in alias asperiores. Facilis vel dolor vel nulla ipsam ut.', 'Ut eaque sunt ipsam ducimus rerum. Eligendi aut aliquid nostrum laboriosam. Odit sed voluptas impedit ut ut sed. Enim ea dolorem nihil optio.', 49, 23, 2, 2, 2, 1558868585, 1),
(2250, 917, 'Dolores aut ut laudantium et.', 'Cumque voluptas non eos culpa et eum. Atque illo autem id nesciunt aut.', 'Aspernatur hic voluptatem pariatur fuga neque. Ad quia id ea placeat accusantium repellendus est.', 'A voluptatum natus error veritatis. Ut officiis quaerat laborum officia. Ab maiores quas vel delectus sequi neque debitis eos.', 52, 23, 4, 4, 5, 1558868585, 1),
(2251, 917, 'Sed mollitia rerum occaecati quasi.', 'Eum omnis qui voluptatibus qui. Nulla quis omnis aut molestias facilis corporis fuga laboriosam.', 'Impedit dolores tempora laborum cumque sequi doloribus. Dolorum autem aliquid repellat.', 'Est eos odio aliquid. Deserunt a exercitationem ipsum temporibus eligendi eos tempora. Iusto perspiciatis non dolor ducimus.', 1, 23, 3, 3, 2, 1558868585, 1),
(2252, 918, 'Quas vel voluptatem ad.', 'Illo et omnis aspernatur aut. Necessitatibus dolores enim fugit. Quis harum exercitationem quia ut.', 'Doloremque aliquam in nulla. Quasi dolorum blanditiis hic aut aut illo iusto. Est id ad et quos.', 'Culpa debitis nisi est. Impedit eos doloremque ab consectetur. Natus maxime rerum vel nihil et.', 1, 19, 3, 1, 2, 1558868585, 1),
(2253, 918, 'Velit et explicabo rerum consequatur.', 'Labore at occaecati repudiandae aut. Dolores illum autem facilis. Reiciendis non eos impedit.', 'Iusto id nihil aut dolores omnis vero necessitatibus culpa. Magnam et illum nihil delectus.', 'Vel minima id blanditiis sit. Officia vitae earum eius. Aliquid autem maxime ut nemo repellat. Delectus eveniet et dignissimos voluptatum accusamus.', 48, 9, 5, 2, 4, 1558868585, 1),
(2254, 918, 'Ut sunt eos harum.', 'Est non omnis sequi quia et. Quis nobis maiores quis.', 'Et sed commodi iusto sit delectus et ex reprehenderit. Alias quam sapiente sint inventore ab.', 'Rem iste fuga sed accusantium modi nulla ut. Animi commodi aut molestiae. Inventore sapiente ut officia eos.', 43, 25, 1, 2, 1, 1558868585, 1),
(2255, 918, 'Eaque labore illo corrupti beatae.', 'Beatae ab eos et porro. Inventore nostrum ut harum qui ut. Ad voluptatem atque quis temporibus.', 'Vel quia illum et quia. Repudiandae dolore odio laborum et reiciendis perferendis eveniet.', 'Sed velit laudantium ut aut veritatis. Corporis mollitia aut nihil eaque quo. Nam repellat est possimus eum tempora. Similique quidem et qui ut.', 51, 7, 4, 2, 2, 1558868585, 1),
(2256, 918, 'Ipsa molestias necessitatibus ut.', 'Qui sequi a enim veniam quod qui accusantium. Amet est perspiciatis sint aut est.', 'Culpa iure ipsam voluptatibus consequatur numquam. Ipsum error vero illum hic minima distinctio.', 'Commodi a consequatur dolorem fugiat quibusdam porro est. Laudantium esse adipisci et.', 49, 13, 1, 2, 1, 1558868585, 1),
(2257, 918, 'Magni enim quaerat mollitia quasi.', 'Et voluptatum fugiat dolor accusamus consequatur. Ea natus fugit odit magni voluptas et.', 'Reiciendis expedita eius est et. Voluptas est saepe odit architecto consequatur harum numquam.', 'Porro corporis autem libero molestiae porro enim molestiae. Ipsum repellat similique aut et ea. Voluptas consequatur odio et nulla aut voluptatem.', 45, 10, 5, 2, 5, 1558868585, 1),
(2258, 918, 'Enim libero id alias minima sequi eos aliquid.', 'Qui est vero culpa nihil amet. Accusantium qui sunt est magnam et possimus tenetur.', 'Et minus sunt delectus omnis sit. Cumque doloremque officiis earum vel consequuntur nemo.', 'Et at excepturi tempore occaecati et. Nisi sapiente dicta dolorem temporibus est in quae occaecati. Nesciunt aut tenetur a natus.', 46, 12, 4, 5, 1, 1558868585, 1),
(2259, 919, 'Modi exercitationem ipsam porro ratione amet.', 'Eaque neque voluptatem quas. Asperiores consequatur nihil vel porro quod illum commodi.', 'Id voluptas nemo ullam ad corrupti et. Hic non impedit a id rerum dolore ut.', 'Ea sapiente dolorem laudantium iste corporis. Aut ratione ad possimus perferendis. Sed neque occaecati qui aut. Voluptates qui incidunt in iusto.', 45, 29, 3, 5, 1, 1558868585, 1),
(2260, 920, 'Quis aut animi sint quisquam earum est ut.', 'Rerum autem quidem velit perspiciatis cum. Excepturi dolor repellendus hic eveniet ipsam est.', 'Reiciendis ullam aliquid voluptas eos. Vitae unde magni est ratione maxime distinctio et.', 'Nobis molestiae dolores sequi in iure. Dolore ut fugiat ut ipsum sed facere. Maxime ipsum itaque nostrum laborum.', 43, 5, 4, 5, 3, 1558868585, 1),
(2261, 920, 'Consectetur non maxime quo deleniti accusamus.', 'Atque ad commodi nulla et quo sit eum. Mollitia voluptatem molestias voluptates laborum aspernatur.', 'Pariatur sapiente ut minus eius et aut. Voluptatum officiis qui alias. Qui nesciunt et aut sint.', 'Explicabo quia et necessitatibus exercitationem. Reprehenderit consequuntur quae quod cumque.', 50, 29, 3, 1, 4, 1558868585, 1),
(2262, 920, 'Ea voluptatem illum asperiores.', 'Qui dolorem quam provident in. Illum earum non quidem harum. Dicta consequuntur tenetur inventore.', 'Eveniet est veritatis eveniet. Quia modi et et. Qui libero optio sequi.', 'Quibusdam sed ratione a. Voluptatem porro modi vel sed. Iure in ut sit debitis mollitia cum.', 51, 29, 1, 4, 2, 1558868585, 1),
(2263, 920, 'In saepe quas facere illo similique et.', 'Ad esse provident et. Ducimus velit omnis quia.', 'Odit quis quis unde. Deserunt quia aut placeat dolor nemo. Ipsa voluptatem ex dolor deserunt.', 'Dolorum dolor rem eos at minima. Et est nemo officia consequatur occaecati ea inventore magni. Assumenda est voluptas qui voluptatem aut vero.', 46, 8, 5, 3, 5, 1558868585, 1),
(2264, 920, 'Ipsum et ipsa quae voluptatem.', 'Aliquam magnam consequuntur iure repellendus neque. Sapiente dicta pariatur deserunt voluptatem.', 'Magni possimus et consectetur facere voluptatem. Cupiditate sed totam ex consequuntur et et.', 'Ex et eius ducimus vel qui. Molestias veniam porro est enim ea placeat. Dolor libero nobis error animi totam delectus.', 48, 2, 5, 4, 3, 1558868585, 1),
(2265, 920, 'Sit eligendi tenetur sed harum.', 'Minima omnis aliquid cumque nesciunt aut. Iste ut dolores tenetur itaque et iusto.', 'Quam laudantium tenetur magnam dicta vel doloremque. Voluptas eveniet accusamus natus.', 'Voluptatum deserunt dicta voluptates quis distinctio. Cupiditate sint odit facilis qui nemo quaerat. Dignissimos dolore quia magni explicabo.', 52, 26, 2, 4, 2, 1558868585, 1);
INSERT INTO `reviews` (`id`, `program_id`, `title`, `pluses`, `minuses`, `common`, `user_id`, `using_time`, `rating_convenience`, `rating_functions`, `rating_support`, `created_at`, `status`) VALUES
(2266, 920, 'Rem non vitae ab vitae.', 'Exercitationem odit excepturi animi. Sunt porro totam pariatur veniam itaque harum laborum.', 'Vitae saepe reiciendis et eaque distinctio. Error et asperiores et repellat enim ad.', 'Maiores architecto est velit quidem reprehenderit quis quod sequi. Unde omnis ut officiis qui officiis. Saepe quo distinctio ut.', 1, 12, 1, 5, 4, 1558868585, 1),
(2267, 921, 'Odit doloribus voluptas aut ullam.', 'Quod occaecati id est consequatur. Illo quaerat omnis eos alias ut ullam accusantium modi.', 'Vero non corrupti voluptate quos distinctio. Provident veniam animi repellendus nemo.', 'Suscipit qui ipsum quaerat est. Inventore aliquid sunt excepturi est quia voluptatem. Sapiente ipsum aut doloribus voluptatibus mollitia odio.', 46, 11, 1, 1, 4, 1558868585, 1),
(2268, 921, 'Quaerat dolorem nulla et illum.', 'Est ea autem iure id. Consequatur excepturi repellat voluptatibus quo recusandae earum.', 'Nesciunt facere sed repellat ex ratione. Nihil sunt enim commodi sint.', 'Enim nisi aut corporis iusto quaerat beatae. Fugit et tenetur autem voluptatem molestiae velit. Dolores magni molestias et culpa eveniet et ab.', 46, 26, 3, 1, 2, 1558868585, 1),
(2269, 921, 'Sed provident consequatur ut voluptatibus ipsa.', 'Nulla qui soluta rem qui. Ea sit earum quasi et. Natus et facilis maxime aperiam.', 'Qui laboriosam omnis neque tempora optio. Enim quod explicabo quasi quas explicabo aut.', 'Occaecati consequatur ut incidunt et est. Id fugiat autem aut eaque rerum. Soluta dolorem voluptas facilis aliquam ut optio quia ratione.', 47, 24, 5, 4, 5, 1558868585, 1),
(2270, 921, 'Fugit magnam repellendus ab dolore.', 'Molestiae quasi perferendis ab. Et quo consequatur ipsa non nulla. Doloribus in iste cupiditate.', 'Sint nihil ut pariatur autem sit. Doloremque nihil impedit dolorem exercitationem nobis in.', 'Voluptate repellat commodi dolor. Magni ab eos minus similique. Laborum nobis molestias voluptate nesciunt id dolor porro.', 49, 34, 4, 1, 3, 1558868585, 1),
(2271, 921, 'Omnis suscipit nesciunt quis.', 'Eos esse omnis ut aut. Vero recusandae dolores autem recusandae. Placeat aperiam atque maiores.', 'Vel maiores illo officiis eligendi dolores natus. Dolorem explicabo et rerum in corrupti fugiat.', 'Quis sapiente doloremque veniam ratione est voluptas sed. Sunt suscipit nemo nobis officiis.', 45, 21, 4, 1, 3, 1558868585, 1),
(2272, 921, 'Error assumenda aliquid repellendus non enim aut.', 'Qui ab repellendus eaque accusantium. Maiores quidem quo aliquam debitis exercitationem ut.', 'Et commodi autem accusantium. Est enim quia laborum ut. Ex iure cum eos maiores necessitatibus cum.', 'Nisi voluptatem sed sapiente perspiciatis incidunt. Dolore deserunt repellat corrupti debitis eius. Sint et eveniet sunt aperiam ea.', 1, 5, 3, 2, 4, 1558868585, 1),
(2273, 921, 'Voluptatum velit nemo et deleniti nisi.', 'Molestiae blanditiis ut et corrupti. Blanditiis dolorum similique nulla. Et in perferendis fuga ut.', 'Qui aut ullam molestiae non. Voluptatum cumque voluptatem voluptates eos.', 'Ut impedit sunt eius distinctio veritatis sed. Explicabo et adipisci optio accusamus. Commodi in sequi eum dolores vitae numquam eligendi.', 52, 31, 3, 4, 5, 1558868585, 1),
(2274, 922, 'Eos ut quod ut omnis.', 'Sed fugiat in quae nihil qui ut. Velit ducimus quidem quaerat quo nihil sit.', 'Dolores maxime quia magni deserunt optio. Et temporibus neque laborum. Est sequi omnis reiciendis.', 'Distinctio magnam ipsa et quae dolore rerum dolores. Cupiditate sed amet dignissimos accusantium commodi quis.', 43, 17, 1, 2, 5, 1558868585, 1),
(2275, 922, 'Fuga dolor beatae eius similique.', 'Quis iusto sit dolore quo iusto. Unde quo aliquid reprehenderit voluptas ut.', 'Et autem porro atque iusto culpa ut libero. At exercitationem consequatur numquam enim accusantium.', 'Dolorum voluptatibus quo quis numquam voluptas sint provident. Quis nostrum consequatur est reiciendis.', 2, 4, 3, 3, 5, 1558868585, 1),
(2276, 923, 'Corrupti placeat velit quam aut perferendis quae.', 'Fuga in non omnis et commodi magnam. Tempore eum omnis nostrum fuga. Et et ex et nam a ratione et.', 'Nisi et fuga quo ipsum dolores. Numquam labore omnis facere sunt.', 'Rerum officia id nobis. Amet laudantium dicta dolor et recusandae. Recusandae illum officiis aut accusantium dolores totam sed quisquam.', 1, 9, 3, 3, 4, 1558868585, 1),
(2277, 923, 'Vero facere officiis inventore modi vitae nobis.', 'Quos voluptatem fugit et repellendus et et. Qui est est molestiae animi optio cum.', 'Deserunt nihil qui exercitationem illum. Nihil officia sunt fugit commodi ea sit doloribus ad.', 'Molestias id consequatur officiis. Recusandae ipsam quia et ut. Aperiam ab quia ipsam at laborum. Commodi magnam et harum nam voluptas.', 44, 27, 1, 1, 1, 1558868585, 1),
(2278, 923, 'Soluta aut voluptate a mollitia est.', 'Maiores et vitae nesciunt. Eligendi quibusdam recusandae amet quaerat velit. Similique sed iure ut.', 'Officiis ipsa provident sint. Aspernatur perspiciatis aut possimus ea neque quia.', 'Nemo fuga inventore aut est omnis sint est. Et repellat praesentium id eligendi laudantium. Delectus totam dolor eos velit.', 48, 1, 5, 3, 5, 1558868585, 1),
(2279, 923, 'Neque voluptatem quo consequatur id ipsa.', 'Ipsum non deserunt vitae quia recusandae possimus ab ut. Et neque nostrum qui.', 'Architecto iste sed est expedita aut sit. Vitae dolore officia et eligendi ut.', 'Molestias dicta quia officia. Architecto molestiae cum excepturi aut. Saepe ipsam magnam ipsam. Fugiat tenetur et accusantium quasi.', 43, 24, 1, 5, 1, 1558868585, 1),
(2280, 923, 'Ducimus in dolore tempore odit blanditiis quia.', 'Nostrum ipsam harum et odit qui. Et quam aliquid voluptatum iusto incidunt nostrum eum dolore.', 'Dolorem sit illo rerum. Quis saepe vel et maiores qui ab. Adipisci at aut ut.', 'Veritatis quas molestiae laborum eveniet voluptates sunt. Expedita tenetur quas quia delectus sed aut. Quia culpa rem ut veritatis doloremque.', 50, 1, 4, 5, 3, 1558868585, 1),
(2281, 923, 'Itaque facere unde non repellat.', 'Et minima autem numquam accusamus in rem aut. A qui et laudantium non non nesciunt est.', 'Molestiae saepe dignissimos qui sequi error. A eius beatae nemo quas.', 'Quis ad architecto alias sit saepe. Fugiat eaque sunt et rem. Tempore ducimus quaerat aliquam dolores vel nam.', 2, 17, 4, 1, 1, 1558868585, 1),
(2282, 923, 'Minima nihil et voluptatem ipsum et dolore.', 'Est dicta voluptas aliquid totam. Repellendus consequuntur laboriosam sequi et repudiandae.', 'Quisquam laborum in aut consectetur iusto qui delectus. Qui occaecati ad fugit et nisi.', 'Et sit repellat et soluta vel. Deserunt et culpa et voluptas et.', 1, 32, 5, 1, 1, 1558868585, 1),
(2283, 923, 'Distinctio et et adipisci ut.', 'Et et voluptas est expedita. Ex et repellendus est consectetur quasi autem.', 'Rem quis voluptatum in possimus impedit vel. Facere qui et amet facilis. Quo ut et libero aut.', 'Quo quisquam nesciunt a. Molestiae nihil aut similique reprehenderit impedit voluptas.', 49, 11, 4, 4, 4, 1558868585, 1),
(2284, 923, 'Itaque non voluptas est ut quae eos.', 'Sequi esse autem et omnis rerum. Voluptas quam cumque accusamus quia. Voluptates vel et dolorem.', 'In est maxime doloremque quo. Quas quae est quia ad.', 'Omnis libero quasi molestiae fugit non omnis. Autem distinctio dicta iusto quidem est. Vel vel illo accusantium optio.', 49, 30, 4, 1, 1, 1558868585, 1),
(2285, 924, 'Nihil expedita omnis molestiae iure sequi.', 'Nulla error iste pariatur magnam. Nisi consequatur a velit dignissimos accusamus.', 'Reprehenderit voluptate dolores est quos eaque sit. Est amet a voluptates autem cumque.', 'Laborum odit ad voluptatum error. Ut velit quis in numquam id impedit qui molestiae. Soluta et illo nam sed.', 2, 11, 1, 1, 3, 1558868585, 1),
(2286, 924, 'Tempora vero velit possimus libero.', 'Aut sit libero sunt facilis quo ut. In nesciunt facere et sunt. Sint sunt maiores aut quia.', 'Eum laudantium occaecati esse ad dolores. Vero totam est ut nesciunt et nihil.', 'Odit aspernatur repellat dolorem magnam sed aliquid. Incidunt dicta repellat est tenetur. Labore maiores quibusdam ut nihil sed dolore.', 52, 33, 2, 4, 1, 1558868585, 1),
(2287, 924, 'Et est et eveniet assumenda.', 'Natus qui ex amet praesentium non laudantium sed. Ipsum dignissimos natus commodi porro.', 'Pariatur voluptate culpa magni nemo odio et itaque. Unde consequatur error maxime.', 'Facilis consequuntur et vel modi veritatis voluptatem doloremque. Dolorem ea quia voluptatem dicta. Molestiae molestias incidunt eum.', 50, 17, 1, 5, 2, 1558868585, 1),
(2288, 924, 'Dicta aut nihil doloribus corporis aliquam.', 'Quo assumenda esse reiciendis dolor. Commodi vitae impedit totam totam rerum quas necessitatibus.', 'Praesentium exercitationem harum molestias autem. Perferendis dolor suscipit sit saepe omnis.', 'Quae quos earum quis nobis ipsam laborum nulla. A eum ab ut voluptates qui. Est quibusdam eius dignissimos earum. Quibusdam quae quas ab eos non.', 51, 23, 2, 3, 2, 1558868586, 1),
(2289, 924, 'Laborum accusantium nihil quas qui omnis ad ut.', 'Ut quam nihil nemo tenetur vitae. Hic sed ipsum perferendis debitis.', 'At magni corporis occaecati et. Explicabo incidunt natus harum. Ad nobis aut magnam in.', 'Doloribus aliquam sed ad eum maxime ut. Est eveniet et at. Ex suscipit enim animi consequuntur.', 49, 28, 4, 3, 2, 1558868586, 1),
(2290, 924, 'Dignissimos sit ipsam repellat velit id.', 'Veniam velit et minus sit eum. Odit est placeat non maxime. Ullam sequi sed cupiditate animi.', 'Veniam unde ipsum sequi aut sunt. Quia placeat doloremque aperiam.', 'Voluptatem aut suscipit inventore assumenda qui reiciendis. Nostrum perferendis nobis sint aut. Porro quod laborum ut consequatur.', 49, 4, 1, 5, 4, 1558868586, 1),
(2291, 924, 'Pariatur culpa voluptas molestias voluptatem.', 'Accusantium magni ullam non. Amet natus amet adipisci vel. A qui ut omnis est voluptatem.', 'Repudiandae ea eveniet possimus. At harum culpa voluptas. Ad animi sit aliquam animi.', 'Cumque culpa eveniet eligendi ad veniam voluptates. Molestiae ut ullam natus illo laudantium.', 46, 18, 5, 4, 5, 1558868586, 1),
(2292, 924, 'Ut quo in eligendi fugit quos mollitia.', 'Sit quam aut et corrupti qui. Sit quae ullam nostrum dolor odit culpa.', 'Eos qui doloremque eum perspiciatis sint omnis hic. Eum voluptatem quos ut illo.', 'Aut et perferendis asperiores reiciendis. Veritatis aut dignissimos et consectetur aspernatur vel. Cumque sit sed amet et eos.', 46, 5, 1, 3, 1, 1558868586, 1),
(2293, 924, 'Sed est sint ut aut impedit quo.', 'Et nesciunt deleniti incidunt qui. Qui eius minima est mollitia quam adipisci dolorem.', 'Sint numquam velit fugiat maiores. Repellat vero fugiat repellat. Vel quia velit ipsa autem et.', 'Adipisci quibusdam veniam a culpa veniam. Cupiditate rerum atque sit ipsa. Quibusdam sit corrupti sint ut perspiciatis omnis.', 1, 32, 4, 3, 3, 1558868586, 1),
(2294, 925, 'Dolorem illum molestiae totam natus eos.', 'Quam saepe consequatur recusandae. Aliquam nemo omnis adipisci. Quisquam harum rem at quod.', 'Amet dolor porro et et id. Ea sit quidem eos ut.', 'Modi incidunt alias atque doloremque id veniam. Quis eos sequi error fugit. Beatae eum minus quis aut.', 47, 13, 1, 4, 1, 1558868586, 1),
(2295, 925, 'Vero ut animi modi incidunt eos.', 'Tempore est est officia eum rerum. Ut facere vel voluptatem.', 'Voluptas dolor et cupiditate distinctio est. Et temporibus et ipsa. Architecto ut iste qui.', 'Et illum nobis minus vero. Aspernatur at consequatur cupiditate cumque.', 47, 23, 4, 4, 5, 1558868586, 1),
(2296, 925, 'Fuga sint voluptas eos.', 'Voluptas aut quod sunt ab velit eveniet. Nostrum numquam repudiandae atque est.', 'Molestiae suscipit rerum dolorem quia nesciunt rem labore. Et tempore voluptatem accusamus et.', 'Harum eum optio molestiae nisi dolore nostrum. Reiciendis unde est sapiente mollitia corrupti reiciendis repellendus.', 52, 16, 5, 1, 5, 1558868586, 1),
(2297, 926, 'Dolores amet sit amet.', 'Repudiandae cumque enim quibusdam et recusandae. Sit et accusantium sit voluptas neque ut.', 'Ad debitis doloribus consequuntur accusantium ut. Modi et sit sequi qui.', 'Fugit vel sequi sit amet sunt dolorem. Sit excepturi voluptas ut qui aliquid. Quia repudiandae ut rerum rerum accusamus officiis harum.', 50, 16, 3, 1, 5, 1558868586, 1),
(2298, 926, 'Itaque reiciendis corrupti et minus.', 'Dolor rerum nihil eos expedita. Repellat aspernatur impedit veritatis est et exercitationem est.', 'Reprehenderit pariatur qui eveniet blanditiis. Quaerat non suscipit aut.', 'Saepe dolor dolorem sed dignissimos suscipit consectetur ut. Dicta ipsum voluptatem at numquam aliquam et. Itaque et eum aut officiis eius beatae id.', 1, 27, 3, 4, 1, 1558868586, 1),
(2299, 926, 'Sed eaque totam eius nam.', 'Sit reiciendis nobis aut. Et nihil et quaerat. Nihil delectus et eum.', 'Id libero optio sint blanditiis accusamus. Illum natus non ea ipsa qui quos.', 'Error sed et tempora quaerat cupiditate. Ea est omnis qui sint ipsa. Atque cum doloremque dolor praesentium.', 47, 17, 5, 5, 4, 1558868586, 1),
(2300, 926, 'Veniam laudantium cupiditate nisi at.', 'Recusandae quibusdam ipsum neque eveniet ut in. Explicabo est temporibus sed maiores totam ut.', 'Consectetur deserunt maiores voluptas tempore autem. Quo rem labore qui iste.', 'Et omnis unde soluta. Molestias molestiae excepturi in sequi sed iure corporis. Maxime aut iste qui fugiat.', 2, 18, 1, 3, 3, 1558868586, 1),
(2301, 926, 'Eos dolore nihil incidunt autem ipsum natus.', 'Et quo sed autem molestiae corrupti non. Rerum fugiat praesentium a ratione nihil.', 'Minima vero aut eum ut quo nesciunt. Voluptatem quia doloribus qui modi.', 'Sit eos voluptatum ducimus ipsam accusamus sequi. Impedit nobis sit nobis odit aut soluta. Est nulla et facere laboriosam in.', 47, 24, 3, 1, 4, 1558868586, 1),
(2302, 926, 'Et quia sed minima eos maiores.', 'Eius aut iste enim. Sed perferendis qui fuga. Sunt distinctio cupiditate non ullam.', 'Fugiat non voluptates quae laudantium. In eligendi ea autem reprehenderit vitae provident non.', 'Alias voluptate reiciendis distinctio nihil autem sed vel. Quia molestias rerum eveniet aut officia.', 50, 25, 2, 2, 3, 1558868586, 1),
(2303, 926, 'Et sed quas id qui.', 'Eligendi error fuga ut accusantium eveniet excepturi. Eos suscipit et quos est. Totam non ex ullam.', 'Maiores molestias et voluptatem facilis. Consequatur totam ut dolorem soluta.', 'Corrupti adipisci repellendus reprehenderit a. Labore omnis omnis qui quisquam architecto odit. Sapiente autem deleniti enim voluptas dicta dolorum.', 50, 23, 1, 3, 5, 1558868586, 1),
(2304, 927, 'Quia inventore qui pariatur quibusdam voluptatem.', 'Non magnam nesciunt molestiae quas. Corrupti voluptas repellat non voluptas consequatur enim ipsa.', 'Enim eum eveniet est harum. Ducimus error harum aliquam occaecati iure.', 'Suscipit similique inventore rerum cupiditate labore. Ipsa dolor voluptatibus qui.', 49, 2, 3, 1, 4, 1558868586, 1),
(2305, 927, 'Ut quod perferendis nam eveniet maiores error.', 'Voluptatum quia sunt excepturi rerum. Sed non est possimus est illo. Sed rem nam quas sed.', 'Eius facilis commodi id atque. Omnis sunt adipisci praesentium similique autem deleniti voluptatem.', 'Minima consectetur voluptas delectus nemo debitis dolores aut. Quod eligendi voluptate velit vel est. Dolorem et itaque maiores non quas ut.', 2, 6, 2, 5, 5, 1558868586, 1),
(2306, 927, 'Ipsa enim est suscipit nobis velit tempore.', 'Beatae accusantium consequatur ut ab. Id officia voluptate est quod.', 'Labore ut sapiente illo nemo fugit ut eius sint. Eum aut repellendus amet nemo aut corrupti.', 'Cum consequuntur libero culpa eligendi. Ut eligendi quos omnis quia. Molestias provident eligendi mollitia fuga. Odio aut aut ipsa.', 44, 5, 1, 4, 2, 1558868586, 1),
(2307, 927, 'Quos eveniet minus minima aliquam quis.', 'Culpa laborum itaque id harum. Voluptatum vel reiciendis dolorem id. Ut et quaerat natus.', 'Ad perferendis dolore sint totam. Deserunt ut eum saepe. At omnis hic officia et.', 'Eius consequatur maxime sunt ut error voluptate eum. Illum vero eligendi sequi corporis sunt aperiam ea.', 52, 5, 2, 2, 4, 1558868586, 1),
(2308, 927, 'Culpa omnis aut quia distinctio.', 'Est deleniti sunt ipsum dolores. Rem quos ut repellendus labore.', 'Est voluptates earum quo aut. Quasi cum hic et aut autem.', 'Minus sed aliquam voluptatum aperiam explicabo. Optio facilis est itaque. Voluptatem sed et nihil consequuntur veritatis ut ut.', 50, 26, 3, 2, 1, 1558868586, 1),
(2309, 927, 'Ut qui cumque sint officiis.', 'Voluptatum ullam libero quia ea ipsa ducimus quia. Quis omnis tempora nam id.', 'Ipsam voluptas illo rem unde aut consequuntur quibusdam. Ut qui sed quia rem illo magni ad.', 'Sed et velit hic est. Minus officia ad sunt sit et et. Sed numquam omnis et id itaque quia beatae. Enim consequuntur aperiam ad illum qui minus.', 50, 8, 2, 5, 5, 1558868586, 1),
(2310, 928, 'Consequatur et quo veritatis et voluptas.', 'Labore vel deleniti sit architecto. Ut vel laborum aut et explicabo aperiam.', 'Et autem dolor aspernatur. Ipsa cum aut mollitia eveniet. Doloribus laboriosam rem et.', 'Veniam laboriosam ut eius repellat adipisci. Aliquid facilis culpa deleniti odio officiis libero unde. Magni laborum totam magni.', 49, 1, 1, 3, 2, 1558868586, 1),
(2311, 928, 'Sit veniam repellat eveniet optio.', 'Et illum voluptate omnis molestias placeat sint qui non. Voluptatem quidem dolores et ut qui et.', 'Et delectus ullam eum consequatur iusto numquam voluptate. Architecto iste accusamus dolorum.', 'Ut ab illum quisquam autem dolor quo. Eum corrupti a qui voluptas assumenda. Alias aut rerum omnis nemo. Natus atque consequatur quia aut eos.', 2, 10, 4, 3, 3, 1558868586, 1),
(2312, 928, 'Aut placeat et fuga quo.', 'Et eveniet qui amet tempore. Ad repudiandae consequatur id sit.', 'Quia omnis earum ut cupiditate. Aut libero illo quo atque est occaecati aliquid.', 'Nostrum accusamus quas nihil autem. Quia facilis alias aperiam quia quisquam recusandae doloribus. Vero est in eveniet ut repudiandae dicta.', 43, 22, 1, 5, 5, 1558868586, 1),
(2313, 928, 'Natus ea id reiciendis quia omnis.', 'Itaque illo enim quia perspiciatis illum. Rerum ut sunt et ut ea. At velit sunt dolores voluptatem.', 'Dolorem quam architecto voluptates. Dicta sunt tenetur exercitationem maxime.', 'Vero quas corrupti quibusdam incidunt soluta ipsam ipsa eaque. Iure quod et laudantium voluptatem.', 2, 21, 5, 4, 1, 1558868586, 1),
(2314, 929, 'Sed deserunt modi illum amet nisi.', 'Ipsam et et unde rerum. Quia dolor cumque officiis.', 'Totam totam non qui beatae modi. Dicta et incidunt sunt omnis sint. Quos sed in voluptatibus.', 'Consectetur eos sit rem sit. Sit tempora maiores debitis repudiandae est debitis nihil numquam. Reprehenderit aut sint velit quo nam.', 1, 8, 5, 2, 5, 1558868586, 1),
(2315, 929, 'Molestiae sunt ea fugiat ad dolor inventore.', 'Eveniet error quisquam optio sint. Qui accusamus et perspiciatis optio. Nihil reprehenderit et cum.', 'Repudiandae deserunt dolore facilis et. Corrupti esse dolorum totam aut. Porro ut error maxime sed.', 'Sed facere dolor ab illum beatae tempore. Odio enim temporibus nihil iusto enim numquam. Ut itaque itaque unde sint sunt ratione.', 50, 11, 1, 3, 4, 1558868586, 1),
(2316, 929, 'Consequatur voluptatibus nemo in ut dicta.', 'Odio perspiciatis qui excepturi. Alias tempora itaque rerum animi molestiae at aut.', 'Illum consectetur sint fugiat sed explicabo officia. Dolorem nam sapiente ea qui totam ut.', 'Id ut sint voluptatum praesentium est fuga esse. Consectetur id sapiente cumque. Quos eum sint quia repudiandae ut.', 48, 8, 4, 5, 1, 1558868586, 1),
(2317, 930, 'Amet sequi eum corporis non.', 'Quia adipisci qui aspernatur. Eveniet ducimus minus accusantium.', 'Dolores sit tempora ratione. Qui numquam et ipsum quisquam nesciunt incidunt dolorem nam.', 'Rerum labore repudiandae reprehenderit laboriosam. Eaque eaque quis in sequi tempora beatae. Ex amet aut vel voluptatum nihil eum aut.', 51, 21, 5, 4, 2, 1558868586, 1),
(2318, 931, 'Quia iusto at dicta eum illo.', 'Neque explicabo culpa nihil suscipit. Fugiat quia nulla aut ut.', 'Velit sunt porro provident laudantium. Qui dolorem cumque quos.', 'Dolor consequatur vero enim. Autem temporibus vitae corrupti sint itaque. Dolores suscipit velit quas.', 47, 33, 4, 2, 2, 1558868586, 1),
(2319, 931, 'Eos in accusamus culpa nihil quos dolore quasi.', 'Hic vitae ut labore nam iste et in ut. At voluptatum aut eos labore quia. Vel sint iusto laborum.', 'Facere in accusantium quam est. Rerum et quia et sit itaque. Ex est laudantium natus porro ratione.', 'Eos tempora consequatur quo quidem ut rerum. Labore iure tempora eum temporibus. Nesciunt iste aut quia.', 49, 8, 4, 2, 3, 1558868586, 1),
(2320, 931, 'Accusamus eos tempora excepturi consequatur eius.', 'Nobis suscipit ut sed sit atque sint animi ad. Quo neque explicabo quis voluptatem corporis omnis.', 'Excepturi animi sed tempore est porro. Alias qui qui pariatur magnam.', 'Sint autem voluptatem vitae tempore tenetur. Voluptas eum saepe blanditiis. Omnis aliquam delectus sit qui vel.', 2, 16, 3, 4, 4, 1558868586, 1),
(2321, 931, 'Omnis asperiores quae ipsum.', 'Iste molestiae in et praesentium. Aliquid et et quae minima eos.', 'Assumenda et perspiciatis et maxime. Debitis nostrum nisi similique asperiores unde non explicabo.', 'Molestiae est est culpa odit cum quia doloremque. Molestiae dolorem dolorem velit. In tenetur rem voluptates.', 50, 3, 3, 2, 1, 1558868586, 1),
(2322, 931, 'Numquam dolorem id deleniti ut soluta nisi.', 'Pariatur officia commodi ut autem doloribus. Consequatur laborum quaerat labore.', 'Tenetur dolore id soluta consectetur reprehenderit. Eum perspiciatis quia aperiam quo.', 'Assumenda dolor earum nulla nulla at optio. Et et esse voluptatibus rerum.', 52, 5, 4, 4, 1, 1558868586, 1),
(2323, 931, 'Non beatae quasi voluptatum illum quia eius.', 'Dolorem excepturi enim quibusdam ullam voluptas. Fuga sapiente suscipit velit quibusdam.', 'Cupiditate et aut porro in voluptatem. Magni facilis quas ut molestias. Laboriosam qui eos aliquid.', 'Fugiat reprehenderit sunt veniam et aut nihil dolor. Quo sit ad consequatur. Ut voluptas occaecati libero quam minus.', 49, 7, 4, 5, 5, 1558868586, 1),
(2324, 931, 'Ducimus architecto repellat autem.', 'Voluptatem sit in consequuntur rerum ipsam officia. Natus beatae voluptatem sequi a et omnis.', 'Consequatur ullam harum at illum. Totam quis et ut sint. Illo possimus commodi perferendis.', 'Ut occaecati quam ut odio. Voluptas quasi qui consequatur sint esse incidunt pariatur. Sunt et reprehenderit repellendus minus.', 51, 5, 4, 3, 3, 1558868586, 1),
(2325, 931, 'Est aliquam eligendi voluptatem dolorem.', 'Ipsum minus facilis nihil voluptas voluptatum et. Officia reprehenderit et repellat vel ad.', 'Corrupti deleniti fugit recusandae omnis ex non. Sequi autem optio eum delectus.', 'Fugit non corporis officia. Maxime est vel ut rerum omnis. Quo architecto accusamus ut inventore qui voluptatum. Id eos debitis quis nisi enim ut.', 47, 23, 5, 3, 3, 1558868586, 1),
(2326, 932, 'Quos omnis id ut asperiores velit.', 'Et adipisci est eveniet. A magni similique rerum quis. Maiores dolorem delectus placeat dolores.', 'Dolor ullam distinctio cum et. Autem ipsam sapiente quidem.', 'Eos voluptate enim ipsa earum sunt voluptas. Qui in aut consequatur distinctio qui id. Doloremque facilis similique consectetur rerum.', 44, 11, 1, 4, 5, 1558868586, 1),
(2327, 932, 'Quos quis voluptatibus et nulla minima.', 'Qui autem cum est qui non labore exercitationem excepturi. Et et mollitia animi quia dolor laborum.', 'Totam molestias facere nulla aut. Dolores placeat dolor illum laborum. Minus et repellendus ea.', 'Laudantium eveniet ullam dolorem ut debitis. Et neque voluptates cumque vel. Impedit sunt earum aut qui.', 47, 31, 5, 3, 3, 1558868586, 1),
(2328, 932, 'Tempora aut enim sunt quia est ea autem.', 'Rerum neque explicabo et qui. Aut voluptatem consequatur reprehenderit.', 'Laboriosam porro maiores nam molestiae. Aut non omnis consequatur. Quia pariatur sunt sapiente.', 'Rerum saepe rerum ut debitis ratione et vero. Praesentium aliquam et voluptas occaecati. Aut repudiandae veniam distinctio eveniet sed.', 51, 22, 3, 5, 3, 1558868586, 1),
(2329, 932, 'Omnis dignissimos dolor animi dolore ut eum quia.', 'Vitae culpa non voluptatum et quasi. Qui tenetur et ea. Consequuntur amet similique consectetur.', 'Voluptatum occaecati et omnis eos totam est ea. Atque ab qui est consequatur deserunt.', 'Error eum sunt eum expedita impedit aut nihil. Necessitatibus sed accusamus sed ducimus ea et. Libero natus animi voluptas consequatur cum possimus.', 47, 6, 4, 5, 1, 1558868586, 1),
(2330, 932, 'Provident id sed sunt magnam ut et.', 'Eveniet repellendus eos explicabo dolorem alias. Ut expedita porro illo voluptate ea magni.', 'Sed magnam ipsa possimus iste facilis. Natus officia omnis neque natus quia.', 'Id voluptate ratione quis in voluptas impedit. Blanditiis sed quaerat voluptatum ut est natus. Beatae consectetur reprehenderit illo quia architecto.', 46, 9, 2, 4, 3, 1558868586, 1),
(2331, 932, 'Quisquam non ut suscipit consequatur.', 'Repellendus vel sapiente voluptatum laborum nihil soluta. Qui dolorem quia in vero.', 'Nisi voluptas quas et minima velit sunt. Iure cupiditate vel et perferendis odit possimus debitis.', 'Et natus eos fugiat velit omnis. Tempore culpa sit quis.', 1, 20, 5, 1, 3, 1558868586, 1),
(2332, 932, 'Nemo laudantium sunt expedita rerum perferendis.', 'Quisquam provident omnis harum minus. Voluptas rem est repudiandae excepturi.', 'Eveniet vel consectetur in. Dolore possimus nemo sit praesentium delectus harum voluptatum.', 'Aliquam inventore qui maxime velit numquam qui dolorum quis. Ut porro dicta quia corporis cumque.', 51, 9, 3, 3, 5, 1558868586, 1),
(2333, 933, 'Tenetur ad animi in nobis.', 'Odio sint dolorem debitis et corporis. Reiciendis eum provident est mollitia et quia et.', 'Eligendi est iure aut dolore explicabo. Dolor ex est alias quasi rem ut nobis.', 'Eum necessitatibus et exercitationem aut. Et veritatis temporibus ut libero. Dicta error facere consequatur nisi temporibus.', 2, 17, 5, 5, 4, 1558868586, 1),
(2334, 933, 'Id et accusamus rem laborum omnis id fugiat.', 'Eum officiis illo enim omnis corrupti eum ex quo. Asperiores atque dolorum non ipsa id.', 'Molestiae labore modi deserunt eius dolor labore. Cupiditate sunt omnis quia impedit sunt nulla.', 'Sit nobis quia nesciunt repellat. Accusamus nulla et ut non reiciendis omnis. Consequuntur quos quo iste aut animi. Saepe sed impedit iure voluptas.', 50, 25, 1, 1, 4, 1558868586, 1),
(2335, 933, 'Ipsum itaque doloremque magnam laborum sed rerum.', 'Est ab ut distinctio vero. Alias at dolorem autem aliquam quae omnis delectus.', 'Rerum occaecati tenetur ipsum. Aut asperiores libero a delectus. Cum quia dolor sint tenetur.', 'In dolore tempora blanditiis harum. Ut itaque tempora magni itaque quaerat earum. Placeat voluptas eos qui.', 51, 27, 1, 5, 3, 1558868586, 1),
(2336, 933, 'Quod pariatur commodi neque nobis.', 'Perferendis corrupti modi consequatur optio. Quia est nam nam cum quasi.', 'At saepe iusto est consectetur quibusdam placeat. Similique et et consequatur maxime.', 'Non qui quisquam distinctio. Quo pariatur placeat non in. Debitis amet iste sequi in voluptatem et.', 46, 31, 5, 1, 1, 1558868586, 1),
(2337, 934, 'Veniam est rerum dolores omnis ipsam dolor.', 'Recusandae quaerat ad adipisci qui. Perferendis excepturi dolor reprehenderit eveniet omnis.', 'Dolor quasi et voluptas. Nihil sequi recusandae eos velit. Quas deleniti omnis dolores animi.', 'Hic a quia eum repellendus et. Tempore alias quidem consequatur quae autem. Dolore ut porro cupiditate porro.', 1, 33, 4, 2, 4, 1558868586, 1),
(2338, 935, 'Sunt quis ullam inventore incidunt.', 'Voluptas dignissimos ab assumenda labore alias. Eaque excepturi rem porro.', 'Optio doloribus fugiat et. Repellendus natus qui quod.', 'Velit dolore quia quae in nihil aut consequuntur. Voluptatem qui quo dolorem occaecati voluptas nisi optio non.', 47, 20, 5, 1, 4, 1558868586, 1),
(2339, 935, 'Nostrum sunt nihil consequatur quasi ea ratione.', 'Enim in quia et. Ipsa doloremque cumque occaecati eum.', 'Vel necessitatibus voluptatem officiis velit cum. At ea et enim aut in ex.', 'Maiores at tempora quia non non. Odio voluptatibus provident vel nobis repellendus incidunt. Libero veniam aut enim voluptas eum quo.', 44, 32, 5, 1, 1, 1558868586, 1),
(2340, 935, 'Placeat nam inventore ut ipsum voluptatem id.', 'Fugit qui quibusdam eum quis. Dicta earum autem nisi perferendis maiores.', 'Eum suscipit est magnam. Labore odio ut minus.', 'Est optio autem animi corporis. Beatae laudantium ratione quia eligendi ipsam. Dolor est officia dicta cumque consequatur nisi quia.', 1, 6, 1, 5, 4, 1558868586, 1),
(2341, 935, 'Natus nihil nihil enim corporis rerum vero.', 'Cum error laboriosam fugit at. Nisi velit possimus qui quam. Architecto officiis a a molestias sed.', 'Non rerum iure totam quia. Explicabo sint laborum molestiae.', 'Soluta et et inventore. Sunt sint aspernatur nemo nulla. Ex ut nostrum et a dolor. Cupiditate reprehenderit nostrum quibusdam beatae consequuntur.', 45, 30, 2, 5, 1, 1558868586, 1),
(2342, 935, 'Voluptate rerum nihil voluptatem.', 'Culpa consequatur dolores neque ipsum et. Et omnis autem reiciendis qui quia alias.', 'Quibusdam aut enim quibusdam incidunt. Quis dolor debitis nam dolorem illo quia.', 'Officia debitis adipisci animi dolorem sunt. Quos aspernatur ad similique nemo. Quis atque occaecati vel.', 49, 12, 4, 2, 5, 1558868586, 1),
(2343, 935, 'Labore molestiae quia rerum aliquid debitis.', 'Et aspernatur dicta deleniti magnam. Et architecto eius provident rem. Iusto non laboriosam atque.', 'Enim quibusdam vel ut dignissimos sed. Ipsum non cum sunt. Eum est cupiditate accusantium facilis.', 'Labore et fugit magni culpa et fugiat. Omnis ipsum vitae exercitationem cum est. Est sit esse dolores fugiat optio et maiores.', 48, 20, 1, 4, 5, 1558868586, 1),
(2344, 936, 'Nisi eum sed aliquid. Voluptas id rerum voluptas.', 'Voluptas quod facilis modi itaque odit aliquid. Consequatur dolores sed et dolor est voluptates.', 'Totam ut hic vel excepturi quo rerum. Repudiandae molestiae illum harum.', 'Ut harum qui aliquam quaerat odit. Architecto similique molestias consequatur eos. Et et quos exercitationem quae et ea.', 51, 23, 4, 3, 5, 1558868586, 1),
(2345, 936, 'Et voluptatem consequatur ea aut placeat.', 'Fugiat sit nemo est. Soluta in sequi optio. Tempore ut qui sed magni modi molestias.', 'Ipsam et sapiente illo. Voluptas voluptas et sequi esse. Officiis minima ab sit sit aut.', 'Delectus quasi possimus sit dignissimos deleniti itaque. Beatae voluptate sed vel. Consequuntur odit sed inventore eum accusantium.', 50, 1, 4, 1, 3, 1558868586, 1),
(2346, 937, 'Quam sit nam nemo qui veniam.', 'Aut eveniet voluptas non. Ipsa qui non quae et id quisquam. Dolorum ab sit fugiat et.', 'Illum quia voluptas dolor aut. Cumque incidunt et autem officiis eum totam ea.', 'Optio tempora omnis culpa. Ratione eum id sunt similique occaecati. Ab in et in labore repellat nam eligendi.', 50, 28, 3, 4, 3, 1558868586, 1),
(2347, 937, 'Et fugit nulla sunt ratione reprehenderit ea ut.', 'Qui natus rerum doloremque et neque aut exercitationem. In amet error qui non.', 'Labore a ea vitae ut non. Eum magni veritatis recusandae sint nihil. Quidem odio nobis harum.', 'Minima consequatur aliquam facere et quia. Neque quidem ut et sit.', 45, 24, 1, 2, 2, 1558868586, 1),
(2348, 937, 'Necessitatibus tempora nesciunt sed qui non.', 'Et quia ut ad. Et laudantium aut eos et consequatur.', 'Voluptatem nulla eligendi in magnam. Aut unde dolore aut.', 'Inventore mollitia ut modi quaerat aut. Ratione et eius facilis. Ad placeat nihil debitis explicabo rerum itaque iste.', 52, 23, 1, 3, 3, 1558868586, 1),
(2349, 937, 'Voluptatum et et nulla enim ut.', 'Rerum ab dolorem libero laboriosam omnis adipisci. Maxime ipsum soluta nesciunt.', 'Possimus enim mollitia expedita quis fugit sit. Est nemo molestiae dolore neque non fugit.', 'Error voluptatum autem vitae. Eligendi consectetur soluta iusto omnis. Quo consequatur ipsum eum at asperiores quasi.', 46, 5, 2, 1, 2, 1558868586, 1),
(2350, 937, 'Explicabo dolor numquam nesciunt nobis ut et.', 'Ut rerum qui saepe odio hic quod. Et deleniti repellendus doloremque et voluptatem.', 'Ut a incidunt et praesentium blanditiis quasi. Repudiandae et in itaque totam ut eos officiis.', 'Ea dolore eos soluta tempore. Voluptatem repudiandae voluptas aut. Omnis vel necessitatibus minima quis eum qui.', 46, 29, 2, 3, 1, 1558868586, 1),
(2351, 937, 'Quaerat quam quos sunt eos et nihil.', 'Ipsam reprehenderit cupiditate eaque officiis quo. Voluptate sed qui a dolor quia.', 'Praesentium voluptatem quia eos deserunt alias qui. Laboriosam quia eum unde non.', 'Voluptas voluptates cupiditate sit rerum consequuntur aliquid aut. Molestiae mollitia rerum labore recusandae et. Cum non qui id ut.', 52, 19, 2, 4, 1, 1558868586, 1),
(2352, 937, 'Enim vero rem iste accusantium unde dolor.', 'Ducimus dolore praesentium neque aut. Dignissimos dolorem molestias corrupti voluptatum animi.', 'Est dolorem itaque accusamus cum quia. Nobis illo esse modi. Eos enim ut sed fugiat rerum.', 'Inventore atque occaecati ad consectetur quidem ipsa. Hic dicta et omnis sed. Veniam enim et aut.', 51, 19, 2, 1, 4, 1558868586, 1),
(2353, 937, 'Unde doloribus sed tempora ipsam ea est non.', 'Aut sit ipsa occaecati qui. Nihil qui molestias possimus veniam. Ea rem iure est qui commodi.', 'Repellendus blanditiis quibusdam sit rerum saepe. Delectus voluptas quaerat quia dolore.', 'Odio sint sit dolore quia. Quibusdam quod magni modi et in. Sequi ut sunt maxime quo natus numquam autem.', 43, 2, 3, 3, 2, 1558868586, 1),
(2354, 938, 'Architecto voluptas explicabo ullam sed autem.', 'Qui maiores vitae aliquam. Temporibus cum recusandae sit nobis dicta. Omnis sint et fugiat et.', 'Iure ipsam error ut autem error. Est magnam velit dolore maxime voluptas et.', 'Enim quidem sed nulla pariatur officiis. Hic ducimus laudantium quasi earum enim et mollitia. Animi quod est quidem quis.', 47, 29, 1, 2, 2, 1558868587, 1),
(2355, 938, 'Quia aut sunt quod soluta.', 'Ipsam natus eius ratione non asperiores. Ut consequuntur ut dicta impedit modi.', 'Eveniet ipsa aut aspernatur laboriosam ipsam officiis. Molestiae odio qui sed dolorum id quo.', 'Est illum ut ipsum voluptates quod. Doloribus odio vel aut qui quia. Consequuntur necessitatibus itaque fugit cum hic ut magni.', 43, 34, 4, 1, 2, 1558868587, 1),
(2356, 938, 'Nostrum beatae labore officiis totam.', 'Unde quidem aut esse. Quia consectetur facilis quia qui dolores aut. Recusandae quis rem deleniti.', 'Odio repudiandae quia ipsum in. Hic commodi quia ut.', 'Ipsa temporibus aperiam omnis illo ratione. Voluptatem sed nostrum sapiente dolorem voluptas est. Quis praesentium temporibus rerum sed a est.', 48, 8, 3, 5, 3, 1558868587, 1),
(2357, 938, 'Qui ratione et perferendis doloribus.', 'Numquam exercitationem aut temporibus tempore deserunt. Velit placeat temporibus aspernatur libero.', 'Voluptatum voluptatem quas est. Est quas explicabo ipsa animi aspernatur.', 'Porro voluptas quia officia. Quas blanditiis cumque culpa laudantium. Et animi tenetur soluta et quia. Veniam quia sit exercitationem nisi.', 2, 16, 4, 3, 4, 1558868587, 1),
(2358, 938, 'Vitae quas et eveniet.', 'Corrupti in corporis ipsum aut nesciunt tempore. Maxime explicabo ut eos dolor.', 'Praesentium quidem amet ut et aut. Accusantium ut dolore eligendi maxime incidunt.', 'Quo maiores iste consequatur occaecati. Minima qui dolorem perferendis adipisci.', 49, 21, 1, 3, 2, 1558868587, 1),
(2359, 938, 'Non alias voluptatibus non modi.', 'Doloribus est corporis dolorum deserunt sed molestiae. Ut quas ut deleniti et autem placeat aut.', 'Placeat iure harum dolorem et ut molestiae. Accusantium a dolores eum dolor. Est quas et et.', 'Ut voluptate alias dolores perferendis tempora provident. Nemo voluptatem ullam ut debitis. Et quia et error velit ut itaque consequatur.', 50, 27, 2, 2, 3, 1558868587, 1),
(2360, 938, 'Autem tempora est a temporibus est sit nam.', 'Quo inventore eum quod quod minus. Mollitia ut labore ut voluptatibus cumque veniam voluptas.', 'Sit excepturi voluptas quibusdam sed ab. Consequuntur commodi sed mollitia nobis.', 'Et eaque reiciendis blanditiis officia dolores aspernatur id. Quibusdam est rem illo culpa. Vitae nobis aut illum harum ullam repudiandae qui.', 45, 31, 3, 4, 5, 1558868587, 1),
(2361, 938, 'Unde molestiae minima aut odio.', 'Cum nulla sint hic voluptatem corrupti ut. Et explicabo laudantium quaerat delectus amet.', 'Cumque occaecati atque rerum perspiciatis. Ex enim sed veniam ut.', 'Ratione aut adipisci tenetur eius fugiat quia voluptatem. Aliquam et modi incidunt. Saepe id est necessitatibus aut possimus soluta a exercitationem.', 44, 4, 5, 1, 3, 1558868587, 1),
(2362, 939, 'Ut animi quisquam laboriosam provident non.', 'Est aliquid amet totam quo et provident praesentium. Provident reiciendis ut quidem.', 'Culpa enim commodi et maxime. Natus voluptas et aliquam. Sunt ut iure dolores.', 'Minima magni rerum maiores ut. Similique quas aut porro consequuntur ut ut soluta. Quo sit omnis rerum corrupti.', 46, 30, 4, 3, 1, 1558868587, 1),
(2363, 939, 'Illum quia vero recusandae aut.', 'Delectus dolorum quia id est. Sed esse est quis fugit neque. Dolores sequi ea nihil ut.', 'Voluptatibus ullam animi vel voluptatem aut. Iusto rerum quia numquam illum.', 'Qui molestiae perspiciatis dignissimos hic perferendis voluptas quae temporibus. Sit ut quia ad ratione soluta.', 47, 6, 4, 3, 5, 1558868587, 1),
(2364, 939, 'Fuga qui qui alias earum placeat et temporibus.', 'Tempora et id tempora et. Sed ut quae dolores quos.', 'Doloribus occaecati qui tempore pariatur eos eveniet est. Velit voluptatem accusamus odio voluptas.', 'Voluptas voluptas et facilis modi beatae ea et. Voluptatibus aut officiis at qui cum debitis recusandae. Modi voluptatum non itaque.', 49, 29, 2, 2, 2, 1558868587, 1),
(2365, 939, 'Voluptatibus quia qui minima eum.', 'Omnis magni earum aut eaque odio ullam vitae. Et qui quis expedita ex.', 'Tempore laboriosam quia enim rem. Possimus consequuntur aliquam non saepe iste qui.', 'Explicabo enim quibusdam est vel perspiciatis. Et culpa accusantium ab facilis voluptatem. Quod numquam fuga iusto vel sapiente ab occaecati qui.', 1, 12, 5, 1, 2, 1558868587, 1),
(2366, 939, 'Nostrum ducimus illum labore ut.', 'Voluptatem esse nam voluptatum sapiente vel. Deleniti eligendi soluta ut est illo ut et.', 'Aut recusandae tempora architecto nesciunt voluptatem. Occaecati reiciendis nihil inventore quia.', 'Consequatur illo totam odit esse ut. Nesciunt excepturi tempora illum similique cum est. Voluptates eum facilis maxime animi non et ullam quod.', 45, 17, 3, 4, 4, 1558868587, 1),
(2367, 939, 'Consequatur praesentium quas aut ratione odio.', 'Voluptatibus quo dicta nihil qui rem. Voluptas aut voluptatum modi fugiat qui dolor eos.', 'Autem quisquam voluptatem et laudantium aut quae. Et ipsam consequuntur porro qui.', 'Corporis maiores autem sed id repellat aut. Voluptas cupiditate non eligendi magnam. Quo optio voluptatem ex.', 48, 31, 2, 4, 5, 1558868587, 1),
(2368, 939, 'Et dolore eveniet et.', 'Ipsa libero consequatur ut provident enim. Sed eum molestiae aut eligendi.', 'Veritatis et rem aperiam incidunt. Aliquid rerum quam ab vitae eum nulla ullam reiciendis.', 'Ipsa quia iste est aut corrupti. Distinctio eum quia qui quis adipisci eum nihil. Cumque consectetur ipsa harum molestiae.', 2, 23, 3, 2, 1, 1558868587, 1),
(2369, 940, 'Incidunt illum ut et aut. Quia et quo provident.', 'Voluptatem qui eius quisquam blanditiis animi aut. Nulla minima non voluptatibus quia tempore.', 'Nisi praesentium ullam molestias et deserunt eum ratione. Eos qui fuga quisquam magni.', 'Dicta et aut magnam qui. Qui deleniti quasi porro aut. Ad facere odio et omnis harum et.', 1, 15, 1, 5, 4, 1558868587, 1),
(2370, 940, 'Debitis necessitatibus beatae aperiam.', 'Consequatur ducimus unde reiciendis libero dolores. Consequatur magnam eaque sed in sapiente non.', 'Cumque est ut doloremque sit. Et sint cum dolor ratione sit ut.', 'Itaque et at rerum consectetur sint accusamus. Iusto eum autem modi eius.', 48, 10, 2, 4, 2, 1558868587, 1),
(2371, 940, 'Sapiente et adipisci modi.', 'Quo dolores pariatur aut dolor. Odio quasi magnam doloremque. Iste ea neque ea dolor.', 'Vel cumque rem voluptatum et nemo. Nostrum est inventore eum ipsa soluta similique vero magni.', 'Aliquid qui iure voluptatem tempora. Libero et sint ut est. Dolor unde iste excepturi aliquid corrupti vel maxime.', 43, 28, 4, 4, 2, 1558868587, 1),
(2372, 940, 'Aperiam et amet eos cum.', 'Aut dignissimos enim itaque dolore eaque ullam. Placeat veritatis omnis sint sed.', 'Rerum quia non placeat ut magni aut. Quasi dolorem numquam deleniti vel consequuntur officia amet.', 'Recusandae non totam in quibusdam. Consequuntur adipisci rerum quas. Quis voluptate magni et et dolor.', 45, 32, 5, 3, 4, 1558868587, 1),
(2373, 940, 'Est deserunt quia non.', 'Vitae minus mollitia sit aut adipisci amet sed fugiat. Soluta et eligendi repellat id.', 'Sit vel quae velit dignissimos consequatur quae minima. Aperiam optio eveniet iure voluptatem.', 'Occaecati labore id et molestiae. Veritatis expedita recusandae veniam unde molestias. Iusto provident nihil fugiat unde.', 47, 5, 3, 2, 5, 1558868587, 1),
(2374, 940, 'Quisquam cumque animi ea aperiam.', 'Ut et consequuntur omnis. Nemo ut nisi repudiandae ab quia.', 'Et rerum corrupti vel ipsa ut fuga. Est qui est molestiae et deserunt.', 'Mollitia numquam eveniet deserunt porro porro eos. A minus non similique dolor saepe dolorem. Exercitationem eligendi doloremque dolor.', 51, 21, 3, 4, 4, 1558868587, 1),
(2375, 940, 'Ut non quia porro iste expedita.', 'Ut dolorem minima deserunt. Hic doloribus perferendis minus. Dicta maiores facere qui.', 'Tempore blanditiis doloremque eveniet earum. Aliquam in voluptate qui animi vero est.', 'Nam ut perferendis aut esse corrupti sit sed. Quaerat est nisi vel eligendi. Impedit deleniti et vero.', 48, 16, 2, 1, 4, 1558868587, 1),
(2376, 940, 'Eos sint dolores voluptates assumenda qui rerum.', 'Sed porro sit qui deserunt hic. Est molestias dicta nesciunt consequatur ut.', 'Adipisci ab quod quod aut. Odit suscipit aut et. Alias maxime dolorem et exercitationem reiciendis.', 'Qui voluptatibus molestiae iure excepturi sunt iusto. Qui tenetur consequatur voluptatem et. Inventore autem et dolorem nostrum quod non nihil.', 46, 29, 1, 1, 1, 1558868587, 1),
(2377, 941, 'Expedita qui qui provident est.', 'Assumenda enim ipsa dolores facere voluptatem. Adipisci ipsum labore sit et nihil occaecati autem.', 'Sint eius illum esse. Corrupti ut in magnam illo doloribus. Quasi in eum est provident.', 'Vitae suscipit quo reprehenderit cupiditate est. Nihil quia aliquam accusantium hic dignissimos neque dolores.', 43, 11, 3, 1, 5, 1558868587, 1),
(2378, 941, 'Nulla molestias maxime vero omnis autem hic.', 'Placeat autem beatae nisi quo. Sunt sint pariatur et enim eum placeat quis.', 'Dignissimos voluptates ipsa aperiam velit incidunt. Natus ullam aut facere dolor vitae et.', 'Consequatur laborum numquam ut neque aut ipsum. Similique et similique quia quod. Qui quia sed et veniam sed doloribus.', 49, 7, 1, 5, 2, 1558868587, 1),
(2379, 941, 'Consequuntur aspernatur sit nesciunt qui est.', 'Nemo aliquam eius est voluptas sunt commodi ducimus. Voluptatem enim eos fugiat accusamus.', 'Perspiciatis aut quis cumque nisi iste. Libero explicabo nobis sint facilis et sit.', 'Expedita et nulla alias cum accusantium. Culpa corporis autem sint. Fugit voluptatem et alias illum est atque. Rerum velit quas nam et.', 50, 3, 4, 1, 2, 1558868587, 1),
(2380, 941, 'Molestiae est sunt odit est eos corporis.', 'Necessitatibus eligendi porro sequi corporis. Laboriosam ut eveniet dolor distinctio corporis.', 'Modi culpa eum inventore veniam ratione. Natus ut enim dolores. Animi fuga itaque facilis nam.', 'Fugit vel voluptatum sit et. Eos enim iusto commodi neque reiciendis consequatur. Reprehenderit eaque veritatis animi ab cumque consequatur.', 46, 13, 3, 2, 3, 1558868587, 1),
(2381, 941, 'Corporis veniam beatae accusantium.', 'Aut et itaque eius quis illo sunt nobis et. Similique tenetur aspernatur ducimus dolores.', 'Nostrum sapiente consequatur ea facilis. Nostrum non aliquid beatae qui. Quam quo cum eius.', 'Architecto est sed dolores voluptates. Neque rem dolorum sapiente blanditiis suscipit autem quos. Et voluptatibus qui eveniet odio.', 52, 27, 5, 1, 1, 1558868587, 1),
(2382, 941, 'Deserunt illo eaque culpa neque.', 'Et dicta autem aspernatur libero. Vel et magnam occaecati vel. Quasi qui fuga et est dolores.', 'Ab eligendi id aut consequatur ex. Quia non voluptas quo tempore eaque.', 'Mollitia cupiditate sint voluptates sit nihil. Quaerat fugit voluptatem fuga beatae et.', 44, 21, 2, 3, 3, 1558868587, 1),
(2383, 941, 'Corrupti nesciunt eos aperiam delectus.', 'Odit repellendus occaecati accusamus aut voluptas aut. Atque ut sit aut qui expedita.', 'Qui omnis et repellat. Odit ab non dolores itaque minima eligendi.', 'Labore omnis debitis neque. Porro fugiat magni vel dolorem. Quis omnis adipisci ut.', 46, 20, 4, 4, 3, 1558868587, 1),
(2384, 941, 'Excepturi debitis labore assumenda ut ea.', 'Nostrum adipisci modi ab vel. Quaerat velit eos necessitatibus. Suscipit facere incidunt eveniet.', 'Sunt culpa quia veniam non. Nihil sed sit qui officiis. Dolor repellat quam est et sunt quidem.', 'Hic assumenda nisi quis inventore quo doloribus sunt. Minima necessitatibus pariatur quisquam. Excepturi minima id explicabo a consequatur quisquam.', 47, 2, 1, 1, 2, 1558868587, 1),
(2385, 941, 'Aliquid iusto quae nobis ut saepe facere.', 'Rem adipisci officia sed ullam. Nam molestiae et labore quidem eum fuga.', 'Nobis vitae delectus eos et doloremque nesciunt. Et ratione neque accusantium deserunt facere.', 'Ratione vel eum quasi molestiae qui quis sequi. Qui ut et ut quia tenetur aut optio quisquam. Rerum sit sed quod tenetur.', 46, 26, 1, 2, 1, 1558868587, 1),
(2386, 942, 'Ipsa voluptas eum autem veniam.', 'Tenetur molestiae in saepe harum id consectetur est. Id quia harum deleniti ut sint.', 'Omnis at accusamus molestias minus. Delectus dolor quis rerum. Quisquam quia qui modi.', 'Impedit officia et enim. Voluptatem labore aliquid aut architecto officiis.', 47, 7, 2, 3, 4, 1558868587, 1),
(2387, 942, 'Voluptatibus quas molestiae libero et.', 'In rem et vel. Et eveniet ea voluptatem at. Accusantium quam et eius ducimus earum.', 'Similique suscipit quam error labore ad quasi quia. Numquam amet quas sed dolores dolor est.', 'Corrupti nihil dolores qui molestiae. Quos molestiae quaerat ea eaque accusantium. Eius ut est et tenetur accusamus quo fugiat atque.', 1, 33, 2, 5, 2, 1558868587, 1),
(2388, 942, 'Laboriosam ipsum magni aspernatur ad quia modi.', 'Et distinctio nihil est enim. Debitis aut accusamus nisi harum eaque et ipsa.', 'Natus corrupti quos illo labore cumque officia. Aliquam aperiam veniam dolore deserunt ut aut.', 'Est ipsum enim eum ut. Ad dignissimos dicta non tempora velit. Officia qui ut ut voluptate unde omnis.', 45, 19, 1, 5, 1, 1558868587, 1),
(2389, 942, 'Et et sed labore earum iste est alias.', 'Blanditiis aut autem nemo. Maxime iste pariatur quos facere. Ut quaerat voluptatem quaerat autem.', 'Facere et nihil velit error quis. Est nobis error impedit et saepe ipsum nihil omnis.', 'Porro quia harum porro alias quisquam. Quisquam quos sed porro aut fuga eum dicta. Voluptas minus provident at et.', 2, 14, 1, 1, 1, 1558868587, 1),
(2390, 942, 'Dicta quia et et.', 'Animi ipsa pariatur temporibus. Illo eveniet labore rem quidem. Est iure qui sunt qui esse.', 'Inventore accusamus illum voluptatem neque assumenda quia. Atque ut rerum nihil molestias non.', 'Dicta quo voluptatem quibusdam autem. Porro non alias deserunt.', 52, 34, 4, 2, 4, 1558868587, 1),
(2391, 943, 'Asperiores voluptas tempora eos sit.', 'Ut illum cupiditate iusto aut consectetur. Culpa reprehenderit dolores sint necessitatibus est.', 'Velit sunt ut enim et et. Fugiat cumque consectetur consequatur maxime aut ut aliquid doloremque.', 'Deleniti ea ratione ea non soluta. Unde tenetur est nemo iusto. Impedit totam sint nihil voluptates.', 44, 8, 4, 4, 3, 1558868587, 1),
(2392, 943, 'Et deleniti voluptatem rerum distinctio.', 'Aut laborum sed eligendi fuga. Tempore quas et cum atque. Temporibus nisi et facere facilis.', 'Provident quia quas sit. Voluptates non neque nihil earum omnis quia dignissimos dolorem.', 'Rerum ipsa commodi ut. Fuga voluptatem voluptatem ea quisquam est magnam laboriosam. Nostrum libero aliquid est non. Sunt quae aut quia sequi totam.', 44, 12, 2, 5, 3, 1558868587, 1),
(2393, 943, 'Ipsum incidunt quo asperiores ut dolorum.', 'Nihil quia molestiae earum sed ut nihil aut. Voluptatem facilis delectus nobis omnis similique.', 'Est aliquid dolorum id assumenda. Aut ex ipsam est.', 'Voluptatem quis ut aspernatur debitis. Ea cum cum tempore quis. Qui occaecati quia omnis temporibus ipsa in.', 52, 28, 4, 5, 5, 1558868587, 1),
(2394, 943, 'Natus voluptatem omnis ut ut laborum.', 'Voluptatem quis iste enim veniam. Ipsum error ut sed aspernatur debitis.', 'Qui ullam ut ut incidunt inventore. Facere nam aut ducimus excepturi est fugit est.', 'Ex dolorum beatae quisquam dolor. Dicta qui non blanditiis quas soluta ab omnis sunt. Sit est et tempore est.', 51, 26, 1, 2, 2, 1558868587, 1),
(2395, 943, 'Est odio ad consequatur magnam harum maiores id.', 'Est enim itaque omnis soluta quo. Error voluptatem est minus.', 'Deserunt velit perferendis esse doloremque. Porro velit qui natus non eos similique voluptatem ut.', 'Ab nam vitae ipsum atque. Deserunt quisquam eveniet itaque tempore. Voluptatum aut dignissimos ea libero ut aliquid asperiores expedita.', 2, 32, 1, 2, 4, 1558868587, 1);
INSERT INTO `reviews` (`id`, `program_id`, `title`, `pluses`, `minuses`, `common`, `user_id`, `using_time`, `rating_convenience`, `rating_functions`, `rating_support`, `created_at`, `status`) VALUES
(2396, 943, 'Quo est similique ipsa voluptatem velit autem.', 'Magnam qui animi at aut voluptatum velit corrupti. Mollitia vitae vitae vero et sint rerum rerum.', 'Ut unde et dolorum ratione. Voluptas deserunt dolor tempora optio rerum ad.', 'Reprehenderit et vitae aut quo cum. Nesciunt eveniet vel numquam sunt earum non nihil. Alias debitis mollitia voluptatem ratione ea.', 51, 6, 4, 4, 5, 1558868587, 1),
(2397, 943, 'Beatae fuga deleniti nostrum quaerat.', 'Quis omnis recusandae hic reiciendis ipsum eum dolor perspiciatis. Quis cumque odio enim corporis.', 'Quam corrupti reiciendis odit deleniti. Nobis natus accusamus ut qui.', 'Maxime minima numquam reiciendis beatae qui omnis error sunt. Necessitatibus dolor eos qui soluta necessitatibus rerum.', 49, 29, 5, 3, 2, 1558868587, 1),
(2398, 943, 'Et repellendus iure voluptas voluptas.', 'Accusantium quos aut maxime quia et fuga iure. Quae ducimus quae dignissimos. Eum iusto et sequi.', 'Similique et eum placeat. Quibusdam quis repellat tempora.', 'Natus nostrum est sit sit. Neque sint consequatur tempore distinctio id sapiente. Voluptas voluptates quia accusantium sapiente.', 44, 6, 2, 3, 5, 1558868587, 1),
(2399, 944, 'Repellat officia sit neque est velit porro.', 'Iure modi quia est doloremque. Ab accusantium ducimus porro nihil sit ut amet.', 'Adipisci est eos totam vitae. Iure qui dolor sapiente repellendus quidem libero ex.', 'Vel voluptatem sit cupiditate aut. Non quod molestias enim in occaecati dolorem. Quo perspiciatis adipisci sed.', 49, 7, 2, 3, 3, 1558868587, 1),
(2400, 944, 'Modi ea dolor repudiandae ut iure fugit optio.', 'Rerum dicta illum sed officia. Id omnis esse voluptas dolore. Non et quidem impedit deserunt.', 'Placeat possimus perspiciatis minus officia sequi. Dignissimos officia ipsa aut facere enim.', 'Et at non nemo voluptatibus quis unde ut. Animi quia ut optio numquam quidem. Nam fugiat nam rem totam omnis. Doloribus quo similique quis.', 45, 13, 5, 1, 3, 1558868587, 1),
(2401, 944, 'Suscipit omnis tempora repellendus qui ut.', 'Voluptatibus qui quasi error veritatis optio. Quisquam dolores animi est non facere voluptate.', 'Nihil soluta omnis rem ad. Ut ut mollitia vel veritatis architecto.', 'Omnis soluta et distinctio veniam sed nobis nulla. Eum atque qui soluta voluptatibus quae. Corrupti quod deleniti delectus excepturi ut corporis.', 49, 13, 5, 2, 5, 1558868587, 1),
(2402, 944, 'Quia qui quis tempora aut quae.', 'Hic ut nulla hic veniam voluptate ab. Sint consequatur et beatae et repellat dignissimos numquam.', 'Excepturi et voluptatem quo et adipisci ut aut laboriosam. Aut ut non ex velit nam commodi.', 'Explicabo in non vitae at. Sed et veniam non.', 2, 6, 3, 4, 2, 1558868587, 1),
(2403, 945, 'Unde nulla atque sed hic et harum.', 'Qui eaque sint est sapiente. Nam ea repellendus ab. Libero est aut dicta hic deserunt consequatur.', 'Quod et nostrum et distinctio fugiat quia. Provident distinctio beatae alias labore tempora.', 'Et impedit temporibus et quos quos deleniti. Sit eligendi culpa esse nostrum dolor consequuntur. Suscipit nihil sunt ut voluptate qui aspernatur.', 52, 29, 4, 1, 1, 1558868587, 1),
(2404, 945, 'Incidunt eum minima harum temporibus.', 'Ut rerum sit quis ut non. Aut consequatur temporibus perspiciatis.', 'Autem quae voluptatibus ducimus vel esse quae possimus. Nesciunt ea consequatur earum eum.', 'Ut ipsa id et rerum qui atque. Est rerum quia eos delectus exercitationem quidem quaerat dolore. Et ut neque explicabo sint praesentium.', 52, 5, 4, 5, 2, 1558868587, 1),
(2405, 945, 'Harum enim neque explicabo ut sit.', 'Expedita fugiat sit quod. Nesciunt quaerat excepturi ullam pariatur. Et dicta eius saepe corporis.', 'Magnam expedita molestiae tenetur maiores aut. Quasi dignissimos fuga aut minima.', 'Quas ut nihil magni consequatur quaerat earum quasi animi. Provident possimus natus impedit omnis sed. Ut error consequuntur non ipsam.', 47, 19, 1, 4, 1, 1558868587, 1),
(2406, 945, 'Et odit atque omnis blanditiis nostrum cum.', 'Aut vel qui nostrum ipsa ut ut. Et aut odit iure et eos.', 'Vitae earum sunt dolorem aut officiis. Et impedit ab fugiat enim. Maiores nemo cumque est dolorem.', 'Consequatur a praesentium voluptate nihil qui eum. Veniam est facere assumenda iusto adipisci. Rem blanditiis dicta et fugiat quis.', 52, 27, 2, 4, 5, 1558868587, 1),
(2407, 945, 'Qui id molestiae eos aut sapiente aut provident.', 'Dolorum non quas neque. Ab est consequuntur error enim sunt qui. Delectus excepturi et nesciunt.', 'Voluptatem deleniti non explicabo autem nemo quam doloribus. Omnis voluptatem aut eum amet.', 'Sit ut culpa quas ipsum. Quibusdam molestias aliquid at doloremque mollitia. Dignissimos accusantium occaecati minus aut consectetur quaerat.', 51, 22, 4, 3, 4, 1558868587, 1),
(2408, 946, 'Nisi qui sapiente et incidunt ducimus.', 'Id dolores temporibus est amet illum. Aliquid recusandae voluptate sunt. Aut vel eos dolorem.', 'Ab velit voluptate dolores et. Enim hic delectus sunt animi. Quibusdam nihil voluptate nihil.', 'Consequatur porro fuga facere cumque mollitia quod. Facilis accusantium qui aut et. Accusamus praesentium architecto quisquam.', 51, 31, 2, 2, 2, 1558868587, 1),
(2409, 946, 'Fugiat fugiat quidem ea eum at.', 'Esse eum asperiores blanditiis nostrum. Tenetur in nisi labore non quis alias molestiae.', 'Et est ea dolores et hic ratione. Et rerum nemo iusto omnis. Minus cumque eos omnis quasi.', 'A aut voluptatem amet. Enim alias id et ea deserunt quidem dicta cumque. Dolorum quis nesciunt et incidunt dolorem esse minima.', 1, 5, 3, 3, 2, 1558868587, 1),
(2410, 946, 'Ullam reiciendis facilis perspiciatis.', 'Quia rem qui facere ullam voluptas. Magni esse possimus eligendi eos.', 'Architecto ut dolorem asperiores minus. Omnis tempora labore impedit et. Ut saepe id nostrum ut.', 'Doloribus repudiandae aliquam libero. Praesentium odit ad culpa eos ab molestiae necessitatibus. Ut fugit aut iste aut et accusamus.', 49, 25, 3, 1, 3, 1558868587, 1),
(2411, 946, 'Dolor explicabo molestiae sit totam nam quis.', 'Labore eius et inventore ea est et. Ipsum explicabo totam molestiae blanditiis.', 'Ipsum impedit quia placeat laborum cum et. Et veritatis corporis vel in.', 'Odit facilis reprehenderit nihil eaque neque et. Vitae ut qui aut vel totam enim nisi. Expedita esse officia sint.', 44, 25, 4, 4, 5, 1558868587, 1),
(2412, 946, 'Architecto ut tempora minima dolor sit vel et.', 'Aut omnis aspernatur quod iure. Qui facere quia quia. Optio et et fuga odio. Est ab laboriosam est.', 'Iusto aut consectetur dicta. Fuga est consequatur nulla ea laudantium. Sapiente illo ab est beatae.', 'Suscipit eaque voluptatem dicta neque. Vitae officia quisquam quis quia voluptatibus architecto. Aperiam consequatur laboriosam delectus odit.', 45, 9, 3, 4, 3, 1558868587, 1),
(2413, 946, 'Sapiente nemo quas qui.', 'Modi ab earum sed. Fugiat animi quia sunt ut. Fuga sed qui voluptatem nesciunt et iste iure.', 'Non deserunt nam voluptatem assumenda temporibus. Nam in molestias similique nobis.', 'Veniam illo quae temporibus iure explicabo assumenda provident. Nihil aliquam a omnis sequi. Totam et porro eligendi animi.', 46, 8, 4, 3, 5, 1558868587, 1),
(2414, 946, 'Molestias optio vitae omnis enim.', 'Id amet qui et quam quibusdam neque rem. Et minima qui enim est. Et et repellendus sed rerum illo.', 'Iure dolorem sed expedita voluptatem. Ratione quos nisi dolores quam non soluta eaque.', 'Et illum eum laboriosam rem. Dolor suscipit animi autem. Quasi quasi qui consequatur. Porro consequatur commodi autem ut provident officia excepturi.', 51, 9, 3, 5, 3, 1558868587, 1),
(2415, 947, 'Autem adipisci et maiores nisi.', 'Repudiandae harum et eveniet quia. Nulla ut odit ex totam reprehenderit provident sunt.', 'Ea ad sed et dolorem fugiat. Fuga cum alias maxime laborum. Quaerat amet error sint excepturi qui.', 'Aut et id nisi. Tenetur optio ut ut eius laboriosam doloribus corporis. Dolor blanditiis enim et dolorum voluptatum voluptatem accusantium.', 48, 3, 3, 3, 2, 1558868587, 1),
(2416, 947, 'Iure quibusdam ut nam quae saepe.', 'Enim perspiciatis est asperiores ullam et eaque. Numquam illo ut et aut optio laborum quam.', 'Sint non ullam voluptas modi perferendis. Ullam asperiores aut amet aut quia.', 'Iste delectus deleniti rerum. Ea doloremque quod accusamus voluptas non id unde.', 1, 32, 5, 3, 4, 1558868587, 1),
(2417, 947, 'Iusto cumque minima repudiandae consequatur.', 'Est minima quae tempora aut est. Eos illum iure dolores ratione tenetur nulla.', 'Rerum reiciendis aut odit quia fugiat. Eos aut harum deserunt labore occaecati culpa alias.', 'Minima deserunt voluptas est et. Culpa perspiciatis corrupti fuga ut. Sed ipsa iusto explicabo totam sint laudantium veritatis.', 52, 24, 5, 1, 4, 1558868587, 1),
(2418, 947, 'Ea ut harum facilis dicta suscipit.', 'Amet ab officia aut. Et ut officiis rerum ut et ut error.', 'Quia alias culpa eveniet dolore. Explicabo iure molestiae autem est.', 'Esse esse quisquam omnis iure est. Et necessitatibus sint quasi quis incidunt dolorem dolores. Consequatur vel et natus praesentium quaerat.', 44, 10, 2, 3, 2, 1558868587, 1),
(2419, 947, 'Dolores saepe dolorem aut amet.', 'Odio sed aut eos non deserunt dolorum. Optio quasi voluptas eius vero.', 'Illo ullam et quo molestiae consequatur dolorem error. Amet et delectus voluptatem neque.', 'Corporis molestiae sit rerum. Quas et non quo quis soluta aspernatur. Libero libero laudantium expedita odio corrupti. Unde tempora quod illum.', 48, 18, 5, 5, 3, 1558868587, 1),
(2420, 947, 'Aliquam illo debitis quia porro.', 'Neque eius voluptatibus odit autem quia. Aut deleniti est vel quis et et.', 'Corrupti id sit et qui. Molestiae quo et sed aliquam minima.', 'Autem nihil quas blanditiis et perspiciatis id exercitationem. Eaque sit voluptatem tenetur cupiditate cupiditate tempora. Maxime et et consequatur.', 2, 28, 1, 3, 2, 1558868587, 1),
(2421, 947, 'Est excepturi eos ea ad. Cum et eius rerum.', 'Nihil nam laboriosam enim aliquid aperiam ipsa maxime officia. Sit cum enim rem inventore.', 'Qui laborum sapiente et neque. Non omnis quidem magnam. Facilis eum earum nisi at rerum.', 'Sit voluptatem corporis sapiente. Saepe velit sit est iusto officiis. Repudiandae praesentium aut iusto culpa dolorem possimus.', 43, 21, 4, 4, 2, 1558868587, 1),
(2422, 947, 'Omnis rerum fugit nesciunt molestiae.', 'Ratione necessitatibus quis ratione corrupti quasi molestias. Similique a qui nemo fugiat.', 'Exercitationem eum debitis iste. Illo cupiditate soluta fugit quia fuga porro.', 'Culpa excepturi sapiente modi. Dolor qui sed eaque magni. Ut molestiae et corporis ullam dolorem ullam vel.', 50, 32, 5, 5, 2, 1558868587, 1),
(2423, 947, 'Et labore quo quod quasi.', 'Non officiis voluptatem repudiandae rerum. Harum ea rerum sunt ex quidem.', 'Ut et ut quo quae. Minus quisquam nulla possimus nostrum qui. Officiis et molestiae modi.', 'Nulla voluptatum sed aut eligendi vel laudantium aperiam. Culpa velit excepturi blanditiis deserunt minus eaque nesciunt.', 45, 13, 1, 4, 4, 1558868587, 1),
(2424, 948, 'Provident a veritatis officia dolores.', 'Doloremque adipisci nam et ullam voluptas. Fugiat delectus est omnis cumque repudiandae.', 'Ut quam nihil et ab. Et qui soluta vel et ut saepe. Sunt dolorem sint minus eaque rem et.', 'Magni aut fuga magnam vitae hic sed cumque. Deserunt totam impedit id id.', 47, 4, 1, 5, 2, 1558868587, 1),
(2425, 948, 'Et eaque laudantium ut est repellendus.', 'Iusto itaque ut voluptatem placeat. Tempore reiciendis amet aut pariatur voluptate omnis.', 'Nisi corrupti quam illum nisi. Enim laudantium velit quia dignissimos.', 'Dolorem rerum et dignissimos. Quibusdam molestias ut officia quos error voluptas.', 48, 28, 2, 2, 5, 1558868587, 1),
(2426, 949, 'Placeat ducimus officia autem deserunt.', 'Dolorum fugit in et non. Est sequi aut ut voluptas quisquam sed. Est sunt ipsum est dolorem.', 'Consectetur corrupti a quasi sint. Et ad et quo. Laborum amet aut et nemo.', 'Similique non dolores nulla est possimus cum nemo. Laborum totam velit odit. Aut omnis quis deserunt reiciendis cum fuga est.', 49, 12, 5, 4, 5, 1558868588, 1),
(2427, 949, 'Et nesciunt ratione cupiditate ut.', 'Eius nostrum ut pariatur omnis. Omnis minus illum minus repudiandae. Ad reprehenderit cumque ullam.', 'Consequuntur consequatur magni nesciunt dolorem illum esse illo. In eum placeat sit veritatis aut.', 'Nam et ut voluptas reprehenderit. Qui quam veritatis vel et. Amet voluptatibus reiciendis quia impedit quis. Aut omnis temporibus numquam et.', 48, 25, 4, 1, 2, 1558868588, 1),
(2428, 950, 'Inventore aut itaque incidunt est dolores.', 'Consectetur et quas nihil. Nihil quis repellendus accusantium accusamus qui reiciendis error.', 'Eos provident ullam ut numquam quasi delectus. Impedit velit ut fugit animi nobis eos dolorem.', 'Labore itaque quisquam sunt sed atque et. Quam consequuntur ducimus est cupiditate modi et.', 50, 31, 5, 1, 2, 1558868588, 1),
(2429, 950, 'Omnis et ut similique et laborum nesciunt.', 'Ut odit velit commodi accusamus vel quas recusandae ut. Corporis delectus ut ut error.', 'Incidunt corporis est alias vel non quia rem. Et facere alias et aut.', 'In magnam laboriosam molestiae eveniet. Harum earum excepturi ut illo est explicabo fugit quis. Ducimus earum eum fugiat natus.', 48, 30, 2, 5, 4, 1558868588, 1),
(2430, 950, 'Assumenda eum et impedit rerum.', 'Ullam explicabo quasi odio vitae quisquam distinctio voluptatem. Nihil et quis enim quia quo eos.', 'Earum et at porro eum aliquam. Doloremque porro ex expedita facilis voluptas.', 'Praesentium qui ipsa consequuntur esse impedit voluptatem expedita. Dolores voluptatum vitae sit. Nisi sit suscipit sit.', 43, 26, 5, 2, 5, 1558868588, 1),
(2431, 950, 'Aspernatur ut hic consequatur deleniti qui ut.', 'Eligendi nam ut error deleniti et expedita. Rerum amet nulla ut iure dolorem ullam est.', 'Dolores repellat officia maiores qui. Porro omnis autem ut qui.', 'Asperiores sequi distinctio maxime dolores soluta inventore porro. Nobis quam reprehenderit est quia est vel. Sit error iure maxime magni animi.', 48, 14, 2, 2, 2, 1558868588, 1),
(2432, 950, 'Nisi ut fugiat accusamus nisi rerum aut quis.', 'Suscipit qui veritatis iure. Et ad vero voluptatem esse omnis. Quasi qui animi dolor doloribus.', 'Nihil et eum ut. Nisi expedita et sit. Sit at voluptas eos saepe eos labore autem fuga.', 'Veritatis rerum distinctio necessitatibus aut tempora sit ut accusantium. Omnis quis quia eos nesciunt. Aut molestiae quia est molestiae quia culpa.', 44, 28, 3, 4, 5, 1558868588, 1),
(2433, 950, 'Quia labore fugit ex.', 'In dolor ex quia sit libero quam illo. Unde soluta eos ipsa quo. Quia mollitia nostrum facilis est.', 'Rem in quas in ea quia. At numquam soluta accusamus corporis est dolor magnam.', 'Consequatur quibusdam sed accusantium autem accusantium. Rerum facere soluta qui quam ut dolores.', 44, 14, 2, 1, 1, 1558868588, 1),
(2434, 950, 'Libero ut quisquam tempore voluptatum aut dicta.', 'Quia quo aperiam eaque laboriosam unde recusandae sit atque. Deserunt sit aut odio et.', 'Sint voluptatum repellat omnis quod. Et ut dignissimos cum veritatis fugiat dicta.', 'Modi incidunt ad consequuntur sequi. Et aut nihil fuga. Cupiditate fugiat voluptatum qui et debitis vel aut.', 1, 10, 5, 4, 2, 1558868588, 1),
(2435, 951, 'Cumque eaque nesciunt non mollitia dolor nobis.', 'Quia rerum aspernatur in est. Quis voluptas quasi minima nam non. Et non qui velit ab enim beatae.', 'Perspiciatis consequatur facere ut et et. Totam placeat sequi iste voluptas.', 'Qui fugit voluptas quisquam vitae ea reiciendis et. Quod error adipisci ut sunt quas nemo. Hic nihil sed sit adipisci.', 48, 22, 3, 5, 4, 1558868588, 1),
(2436, 951, 'Voluptatum sunt qui qui ratione eum.', 'Fugit similique et maiores soluta id maiores illo quae. Veniam ut neque voluptas.', 'In aut expedita quasi adipisci ipsam sunt. Et ut sit quisquam iusto nesciunt dolorum.', 'A et ad et. Quod reprehenderit nobis maiores quibusdam enim. Quia occaecati qui exercitationem nemo.', 49, 2, 1, 5, 2, 1558868588, 1),
(2437, 951, 'Quo vero magni assumenda harum quo maxime.', 'Quam consequatur aut atque molestiae quo officiis. Minima et non rerum animi iusto corporis nisi.', 'Nesciunt nihil ut sint tempora. In et velit architecto enim. Iste tenetur eos culpa quaerat.', 'Vel quae ex et impedit repudiandae voluptatibus saepe. Vel omnis accusantium et facilis.', 2, 21, 5, 3, 3, 1558868588, 1),
(2438, 951, 'Modi iusto ipsum voluptas quae quas.', 'Cum praesentium et dolore alias quidem. Dolores sed quis tempore unde deserunt.', 'Sed tenetur qui ut et. Soluta enim ea animi doloribus tenetur pariatur qui. Sunt ex ipsam illo eum.', 'In quia et excepturi aperiam. Ut facilis et autem voluptatem. Sed mollitia inventore non ut. Laboriosam deleniti rerum omnis.', 43, 27, 3, 5, 2, 1558868588, 1),
(2439, 952, 'Sunt neque ullam rem voluptatum omnis adipisci.', 'Occaecati deserunt dignissimos est cum quas. Minus cum qui sit velit dolor deleniti.', 'Eum blanditiis ipsa nesciunt dolore. Quae ad ab nisi cum explicabo eveniet.', 'Rerum laborum qui ut nobis temporibus maxime. Officiis dolorem voluptatem rerum non tenetur. Velit molestiae voluptas recusandae nostrum modi.', 46, 4, 2, 2, 3, 1558868588, 1),
(2440, 952, 'Et dolores dicta et placeat nihil qui officia.', 'Consequatur inventore quod occaecati est a est veniam. Nemo quia minima molestias occaecati velit.', 'Delectus et laboriosam amet libero delectus odio. Vel molestiae hic et eum.', 'Ex porro odio eaque itaque temporibus consequatur odio. Omnis illo accusamus id qui. Quos quo voluptatum est debitis aliquid earum eius.', 48, 24, 2, 4, 1, 1558868588, 1),
(2441, 953, 'Atque commodi commodi animi tempora voluptates.', 'Modi ut expedita voluptatem ea enim adipisci. Veniam unde praesentium ullam odio reprehenderit.', 'Ut sed repellendus quis ut hic. Aut neque laborum sit sit quaerat beatae ut.', 'Tempore occaecati earum aspernatur id molestiae quas enim. Eos quia hic animi distinctio. Accusamus delectus laboriosam aperiam et.', 43, 4, 5, 3, 5, 1558868588, 1),
(2442, 954, 'Non saepe unde quisquam culpa necessitatibus.', 'Unde quia qui hic aliquid. Ratione fugiat a aliquam quod.', 'Saepe fugiat quos debitis voluptatem nam. Non omnis libero est autem tempore facere veritatis.', 'Voluptates voluptatum harum accusantium dolor ad nisi. Rerum rem pariatur ducimus provident ut ut. Culpa quos sequi quidem nobis ut sapiente.', 51, 11, 1, 3, 1, 1558868588, 1),
(2443, 955, 'Beatae et quod quibusdam et magni.', 'Sed similique quam est at est nam iusto. Et molestiae vitae aperiam illum perferendis.', 'Quo voluptatem ea nulla omnis beatae blanditiis qui. Minima a expedita quam optio minus porro sint.', 'Ex repellendus tempore alias et qui magni libero. Corrupti voluptates quia eius ea aspernatur. Nemo culpa ea fugiat ea et nobis.', 46, 20, 5, 5, 4, 1558868588, 1),
(2444, 955, 'Autem eum dolor sit et dolor modi et.', 'Quas illo voluptate fuga omnis quae dolorum qui. Sed debitis similique optio maiores nesciunt.', 'Eaque enim et in illum. Ullam ex enim aut. Qui ipsam repellat voluptatem in.', 'Voluptatem quod omnis unde et. Vitae nam quidem tenetur ipsum. Nostrum qui in neque. Quis ipsum neque iste.', 44, 14, 3, 4, 4, 1558868588, 1),
(2445, 956, 'Aut ex illum consequuntur maiores ipsam ut.', 'Magnam et quae non provident sunt dolor. Quis asperiores neque vel vel facilis at voluptas.', 'Provident et velit nam qui earum. Sit blanditiis aut omnis omnis corrupti enim omnis quia.', 'Delectus quidem molestiae similique laborum et. Autem distinctio ad cumque saepe. Quibusdam natus et optio explicabo.', 2, 10, 1, 1, 2, 1558868588, 1),
(2446, 956, 'Sint numquam aperiam vel et.', 'Eius et optio officiis illum eveniet sed. Non ut et quod iste.', 'Dolor quia enim quia eaque. Qui repudiandae voluptas voluptatem tenetur itaque quaerat.', 'Vel consequatur non assumenda sit et quae. Nihil est et repudiandae quis. Iusto a esse atque dolores. Blanditiis veniam voluptas voluptatem.', 45, 17, 1, 1, 3, 1558868588, 1),
(2447, 956, 'Sunt ut explicabo id nemo qui nemo similique.', 'Sit dicta esse repudiandae ipsam dolorem. Asperiores ut ex voluptas.', 'Enim ducimus eos praesentium ut. A aut quas ut. Odit est sed eveniet quaerat aspernatur ut.', 'Qui facere consectetur illum quo. Quasi nulla qui eveniet incidunt. Similique molestiae magnam repudiandae dolorum.', 2, 12, 5, 3, 4, 1558868588, 1),
(2448, 956, 'Omnis repudiandae sit quam tempora distinctio.', 'Non molestias itaque ut nam commodi. Esse illum error architecto occaecati a eum beatae.', 'Ipsum magnam enim maiores ea. Veritatis repellat dolore sit autem tempore qui labore.', 'Non ipsum vel eveniet. At expedita sequi consequuntur esse sed.', 47, 2, 5, 2, 1, 1558868588, 1),
(2449, 956, 'Nemo hic consequatur et et molestias ut.', 'Maxime quo atque autem. Exercitationem error voluptatem pariatur.', 'Quae rem commodi culpa debitis sunt reiciendis. Nam in tenetur dolorum ab tempore.', 'Voluptatem distinctio quae aliquam velit quasi. Necessitatibus neque suscipit explicabo et ut. Eligendi maxime dolore quis vitae consequatur.', 1, 18, 4, 2, 3, 1558868588, 1),
(2450, 957, 'Quam aut qui accusantium.', 'Blanditiis eligendi ut sed veritatis qui. Porro ut eum voluptatem sunt aut natus.', 'Fuga et sapiente perspiciatis. Rerum debitis incidunt aut optio quis. Eos culpa enim adipisci at.', 'Possimus aspernatur sit et architecto. Et quaerat unde et eaque vel. Officiis optio ipsa quia quidem quis. Et aut molestiae maiores non.', 1, 27, 3, 1, 2, 1558868588, 1),
(2451, 957, 'Error totam et id omnis facere.', 'Velit commodi ea temporibus commodi. Et et similique suscipit. A est quia temporibus accusantium.', 'Nulla ut repellendus et. Nesciunt et et quisquam aut sint et. Est odit facere et illo.', 'Officia vero voluptatibus quae minima dolorum ut cupiditate. Ea officiis repellendus voluptatum voluptate. Corrupti rerum odio porro.', 45, 15, 3, 2, 4, 1558868588, 1),
(2452, 957, 'A tenetur doloribus nisi.', 'Tenetur odit et necessitatibus cum. Et tempora et impedit pariatur sed. Iure autem enim nihil quia.', 'Eaque molestiae et et sequi tenetur dolor. Atque sequi enim sit saepe harum necessitatibus.', 'Non quod ea tempora vitae. Dolore rem voluptatibus quod aut non eligendi. Minus enim est aut voluptates omnis.', 48, 7, 3, 3, 5, 1558868588, 1),
(2453, 957, 'In illum atque sed non neque excepturi.', 'Quia et quia perferendis sed. Voluptatem odit voluptatem repudiandae eos.', 'Expedita illum quia est nihil fugit et doloribus aut. Maxime aut quasi ducimus eum.', 'Fugiat inventore quam nobis a illum nam atque. Placeat eveniet illum ullam veniam voluptas id suscipit. Magni velit culpa quo voluptas.', 51, 16, 2, 4, 2, 1558868588, 1),
(2454, 958, 'Odio excepturi eos aliquam dolores.', 'Dolores repellendus qui quae sit. Sit a culpa in. Ducimus nihil quia laborum beatae nobis culpa.', 'Porro et sed maxime. Ut reiciendis labore eius saepe modi libero voluptatum. Aut quo libero error.', 'Qui magnam eaque quos commodi architecto nam. Voluptatem eos delectus voluptas consequuntur. Sapiente non voluptates nihil soluta quas voluptas.', 50, 28, 1, 5, 5, 1558868588, 1),
(2455, 958, 'Est velit consequatur dolorem necessitatibus.', 'Praesentium autem unde excepturi eum et in. Aspernatur minima quidem sapiente nihil.', 'A cupiditate esse animi. Sed saepe reprehenderit iusto atque vero nisi ratione.', 'Tenetur iusto suscipit sed dolore. Fugiat velit magnam tempore rerum voluptas.', 51, 29, 5, 3, 2, 1558868588, 1),
(2456, 958, 'Animi nihil ea dolores et pariatur.', 'Sit quisquam totam quas qui. Sed consectetur error aut commodi. Autem reiciendis dolor vel.', 'Iste ut assumenda est distinctio. Cum asperiores aut non et earum modi.', 'Voluptatem illo odit quia dolores neque. Quod doloremque impedit ut ipsa quia. Est alias enim possimus eius nihil pariatur harum qui.', 44, 17, 2, 3, 2, 1558868588, 1),
(2457, 958, 'Distinctio voluptatem amet exercitationem est.', 'Sint mollitia fuga ut sapiente. Et quis quo magnam necessitatibus.', 'Dignissimos eveniet et ipsam. Sequi ullam magnam ea adipisci tempora.', 'Consequatur amet dicta et dicta consequatur soluta autem. Recusandae qui voluptatem incidunt rerum.', 46, 12, 5, 1, 5, 1558868588, 1),
(2458, 958, 'Veritatis et aut pariatur voluptate sunt.', 'Quis omnis eos aut sit. Sed quis et iusto cumque. Velit quod eligendi mollitia a necessitatibus.', 'Corporis eos perspiciatis quia voluptates tenetur ut. Sint doloremque et optio natus voluptate.', 'Mollitia ratione numquam quasi provident aliquid. Nostrum et quidem vel cupiditate. Quia et quasi facilis nihil. Quasi magnam fugit itaque quasi eos.', 1, 12, 2, 3, 4, 1558868588, 1),
(2459, 958, 'Cupiditate officia ducimus aperiam omnis minus.', 'Aperiam ipsa placeat quas ullam. Reprehenderit ipsam cumque labore iste quas. Dolore sint sed sit.', 'Eum omnis aspernatur ducimus. In tenetur dignissimos ipsum ex. Eaque officiis quia molestiae a.', 'Cum in perspiciatis est aut praesentium corrupti est. Sit perspiciatis suscipit beatae officia.', 2, 18, 2, 4, 3, 1558868588, 1),
(2460, 958, 'Qui atque eos quas et ut.', 'Fugit nam at placeat. Qui magnam voluptatibus quasi consequatur facere.', 'Animi dolore dolor nesciunt. Est exercitationem assumenda id et maiores iste.', 'Est dolorem quia odio ea. Et modi omnis eos reprehenderit veniam sequi quaerat. Numquam rem quas adipisci maxime eum. Ut et ut culpa iste doloribus.', 45, 25, 3, 3, 3, 1558868588, 1),
(2461, 958, 'Officiis omnis omnis molestiae architecto.', 'Nemo consectetur omnis quos omnis voluptatibus. Laudantium commodi possimus sequi sit.', 'Minus consequatur cum odio ad quibusdam. Sit incidunt architecto harum modi aut.', 'Aut amet et cupiditate. Id ducimus voluptatem quia minus. Dolore ad sit nihil eos excepturi est placeat. Iusto architecto esse omnis aliquam.', 2, 3, 5, 4, 2, 1558868588, 1),
(2462, 959, 'Quis doloremque ipsum modi deserunt modi et quia.', 'Accusantium adipisci ullam doloremque. Eaque numquam qui ad est.', 'Et nihil qui qui aut praesentium. Ea aut sit ea quis.', 'Et in qui sed. Debitis voluptatem ipsum rerum nulla iusto. Et ipsum iusto architecto aut nobis sapiente. Odio ipsum ducimus ut quia perferendis est.', 50, 28, 2, 2, 4, 1558868588, 1),
(2463, 959, 'Alias perspiciatis saepe sed fuga.', 'Id ex qui voluptatem omnis placeat et. Rem voluptas velit minima cupiditate.', 'Quos vel qui voluptatibus consequatur. Nam doloremque vero quia enim.', 'In aut ipsa possimus. Quis nesciunt tempore consequatur soluta.', 45, 22, 5, 2, 5, 1558868588, 1),
(2464, 959, 'Quaerat asperiores modi ducimus maxime.', 'Consequatur facere quos eius illo illo. Deleniti et dolor voluptates.', 'Officia et vel omnis porro. Officia dolore temporibus aut.', 'Eaque inventore aliquid voluptatem vitae atque iste. Rerum beatae quia aut pariatur non suscipit ipsa. Et sit eum cupiditate.', 46, 23, 1, 3, 1, 1558868588, 1),
(2465, 959, 'Officiis magnam ipsum eaque minima vel officiis.', 'Eius rem vel natus ut voluptatem. Natus hic omnis debitis deserunt ullam modi et dolores.', 'Eos placeat fuga nulla ut. Molestiae nostrum rerum corporis perspiciatis.', 'Minus molestiae nihil eum. Ducimus dolorem et eveniet dolorem dolor. Modi sunt fugiat nemo architecto corrupti assumenda.', 47, 34, 3, 1, 3, 1558868588, 1),
(2466, 959, 'Aut autem molestiae error ut quo.', 'Iste assumenda provident esse quas ipsum fuga. Voluptas sint odio incidunt harum voluptas eaque.', 'Voluptas fuga iusto ut et et. Inventore officia harum fugit nihil modi voluptas aut unde.', 'Nesciunt est consequatur est inventore delectus quo est. Est quis suscipit modi sit non sit. Sit nostrum sequi vel sunt.', 2, 19, 3, 5, 3, 1558868588, 1),
(2467, 959, 'Vel voluptatem aut quae.', 'Voluptatem ducimus atque quis dolores voluptatem id natus cupiditate. Harum facilis animi odit ea.', 'Atque soluta ea ratione quos dolorum. Sunt expedita quas nihil accusantium magnam cumque voluptas.', 'Harum unde et est et minima officiis illo. Quod laudantium neque adipisci sed nihil explicabo. Aut explicabo enim in voluptas commodi delectus.', 46, 23, 5, 4, 3, 1558868588, 1),
(2468, 960, 'Unde eos ut ut autem aliquid.', 'Nulla est vitae sit et. Quo qui at quod. Quod magnam veniam molestiae qui quaerat atque.', 'Voluptatem labore adipisci a quis. Voluptas quo ipsa ad possimus ea qui.', 'Quasi aperiam dolorum eum. Aut omnis quis ut occaecati. Inventore dolorum at totam voluptatem omnis pariatur doloremque. Nulla quo ipsum numquam.', 48, 30, 5, 3, 1, 1558868588, 1),
(2469, 960, 'In dicta optio ut culpa quis natus.', 'Aut repellat aut doloribus quidem. Veritatis ut magni tempora.', 'Quo dolorum in culpa. Porro consectetur qui et amet. Omnis veniam ipsum non quibusdam.', 'Quod consequatur optio porro rerum consequatur perferendis. Dolore eos eaque eligendi quis dolores qui. Error recusandae voluptatem et et ab aut nam.', 43, 1, 5, 2, 2, 1558868588, 1),
(2470, 960, 'Quia mollitia voluptatum explicabo in dolores.', 'Ratione a qui dicta deleniti. Quam qui at qui error voluptate. At dolorem sint esse itaque.', 'Odit dolore corporis qui sed est. Minus velit qui doloremque. Quas laborum dolorum architecto.', 'Molestiae autem modi dolore aliquid esse. Autem quisquam est earum porro voluptates. Debitis aut voluptatem temporibus laboriosam qui est.', 1, 27, 3, 3, 1, 1558868588, 1),
(2471, 960, 'Ut et repellendus aut pariatur dolorem.', 'Autem minus hic suscipit iste. Nulla aut aut rem totam cupiditate consequatur.', 'Nam quisquam perspiciatis quas. A iste ut sint consequatur. Dolorem quasi quia fugit alias id et.', 'A hic eveniet libero libero quis tempore nihil. Suscipit suscipit consectetur rerum error.', 48, 21, 4, 5, 2, 1558868588, 1),
(2472, 960, 'Dolore odio voluptas qui quis et.', 'Voluptates consequatur numquam voluptatem accusamus. Repellat illo sunt est molestias.', 'Vero harum voluptatem dolore. Sint corrupti eius fugit. Eos et rerum iure enim quisquam est.', 'Dolore doloremque omnis facere quidem beatae quas est. Voluptatem rerum cumque quo delectus ad. Id iure similique dolorem in est possimus rerum.', 47, 1, 3, 5, 5, 1558868588, 1),
(2473, 960, 'Quisquam rerum esse aspernatur odit.', 'Eos voluptatem impedit saepe sit id est. Repellendus omnis assumenda ipsam voluptatem nihil.', 'Quis aut odit occaecati. Quo quaerat est corrupti nobis facilis. Vitae corrupti aut et fuga qui et.', 'Sint deserunt et qui culpa qui. Non soluta ad autem odit. Et sit aut et et porro dolor. Reiciendis repellat quia quaerat eligendi quas perspiciatis.', 2, 3, 4, 2, 1, 1558868588, 1),
(2474, 960, 'Assumenda ut quia id ducimus ex.', 'Repudiandae laborum earum animi laudantium aut. Aut nisi illo illum nobis alias.', 'Ex vel ut asperiores fugit nulla quia et. Neque aut voluptatem illo illum dignissimos velit.', 'Saepe molestiae similique neque a. Laborum nemo consequatur qui repellat quia. Ratione quidem officia placeat reprehenderit.', 50, 6, 5, 1, 1, 1558868588, 1),
(2475, 960, 'Eos debitis eos pariatur sint excepturi.', 'Illum cupiditate autem et rerum et cum tenetur. Repudiandae sit et laudantium non minima.', 'Sit iusto corporis et. Doloribus itaque possimus qui aut natus.', 'Dolores facilis odit voluptas et incidunt et. Quas vel voluptate et minus. Debitis rerum id ab sit nihil suscipit fugiat.', 48, 30, 3, 2, 3, 1558868588, 1),
(2476, 960, 'Ratione sunt reiciendis dolore.', 'Omnis consectetur voluptas sed. Architecto eius perferendis voluptatem voluptatem molestias.', 'Consequatur omnis vel occaecati nemo. Nihil unde et suscipit perspiciatis et.', 'Perspiciatis ab assumenda autem aliquid. Beatae nihil quis fugiat tenetur consequatur voluptas suscipit.', 46, 3, 4, 4, 2, 1558868588, 1),
(2477, 961, 'Neque quasi culpa quo libero.', 'Aut adipisci modi earum voluptatum enim quam et. Voluptatem adipisci est debitis.', 'Dignissimos consequuntur aut quia qui aut. Quo aut et nobis unde. Unde ducimus id aut.', 'Magni eos facere dolor neque dicta. Consectetur dolores quia quae. Id illum doloremque impedit placeat sed fugit vitae.', 49, 34, 5, 4, 3, 1558868588, 1),
(2478, 961, 'Laudantium dolore eum sapiente distinctio enim.', 'Deserunt autem nobis pariatur eum. Ut eius quidem nostrum. Repudiandae possimus maiores aut.', 'Laborum sit dolorem atque est magni. Quisquam tempora veniam ipsum ut.', 'Facilis et distinctio maiores voluptas inventore numquam. Est eum est ea et illo. Reiciendis eum qui quaerat aut nobis in beatae.', 46, 6, 5, 1, 5, 1558868588, 1),
(2479, 961, 'Nobis eligendi dicta earum.', 'Perspiciatis laboriosam quod culpa. Reiciendis ullam illum nostrum neque excepturi.', 'Qui nostrum et accusamus animi. Minus quaerat est qui et. Distinctio quis veniam velit aspernatur.', 'Id doloribus id magni explicabo et. Quos tempora consequatur rerum aut. Fugiat beatae vero dolor nihil omnis enim ut nihil.', 45, 31, 4, 5, 4, 1558868588, 1),
(2480, 962, 'Iusto recusandae veritatis voluptatem modi.', 'Ad laborum odit sint velit non fugit. Eius corporis natus corporis voluptas.', 'Qui voluptas totam quas ea. Quia itaque temporibus nihil aut consequatur.', 'Ea odio nemo exercitationem voluptas. Accusamus occaecati voluptatem quibusdam animi et. Molestiae iste accusamus neque.', 52, 18, 5, 1, 5, 1558868588, 1),
(2481, 962, 'Delectus nihil dolores laudantium in.', 'Aut et eum voluptatem voluptas maiores. Magni corporis exercitationem laudantium.', 'Animi expedita vitae totam natus. In iusto tenetur rem. Temporibus dolor eum quo ex doloremque ea.', 'Accusantium beatae assumenda ipsum ut et dolorem qui quas. Ut quo voluptates alias aut quasi harum.', 43, 8, 2, 2, 3, 1558868588, 1),
(2482, 962, 'Excepturi quia sunt quis porro.', 'Quasi iste ut nisi in eum expedita vel. Eaque nesciunt non aut.', 'Quo qui tenetur atque. Dignissimos ut aut et vero. Quas harum reiciendis ab ducimus sit quia.', 'Illum voluptas quasi eius alias architecto. Magnam eos eum non omnis. Esse quia maiores delectus vero sapiente veniam.', 46, 1, 5, 5, 4, 1558868588, 1),
(2483, 962, 'Molestiae sit dolore quo ab.', 'Dolorem accusamus dolores doloremque molestias sit. Non maiores corrupti ullam sapiente dolore.', 'Beatae sed sequi sed explicabo. Voluptatem aperiam non laudantium recusandae id.', 'Voluptas minima sit optio quasi minima libero. Et in consequuntur laborum. Et quis qui vero inventore quia voluptatem molestiae deserunt.', 52, 12, 2, 5, 1, 1558868588, 1),
(2484, 962, 'Ut cupiditate nam voluptate.', 'Sapiente rerum doloremque quod. Magni aliquid dolorem suscipit. Aut dicta quo labore architecto.', 'Unde rerum unde consequatur. Facilis blanditiis expedita quidem est.', 'Hic esse consequatur minima aspernatur. Dolorem dolor mollitia enim aperiam. Sint nihil blanditiis quisquam vel.', 1, 13, 3, 4, 1, 1558868588, 1),
(2485, 963, 'Aperiam animi eos fugit officia.', 'Ab est eligendi laboriosam eaque quo et. Adipisci quia deleniti suscipit ea. Totam sed hic ea odio.', 'Consectetur non blanditiis enim aut. Eum est numquam ea.', 'Esse exercitationem ut consequatur earum sunt non atque odit. Qui at nemo quidem voluptate. Nobis ut excepturi dicta ut.', 1, 25, 2, 4, 5, 1558868588, 1),
(2486, 963, 'Doloribus facere beatae enim at.', 'Corrupti doloribus velit voluptatum ab. Sunt voluptas aut aut quibusdam.', 'Nihil impedit non dolorem blanditiis officia. Consequatur architecto perspiciatis magnam assumenda.', 'Omnis temporibus id dolorum. Debitis quia suscipit illum facere quo fuga non.', 49, 22, 5, 3, 1, 1558868588, 1),
(2487, 963, 'Dolor voluptas ullam dolorem dolore quia.', 'Harum quasi et ea. Molestiae unde et adipisci. Voluptas rerum nulla aliquid repellat sit non.', 'Et unde praesentium nobis adipisci eos soluta molestiae. Culpa qui a distinctio sed veniam.', 'Et praesentium quia nemo sint eum tempora a. Aut et ut voluptatem id sit. Placeat veniam assumenda nemo autem et facilis nostrum.', 50, 16, 2, 4, 1, 1558868588, 1),
(2488, 963, 'Alias sit magni illum vero voluptas quae.', 'Amet itaque illo reprehenderit aut cupiditate natus. Ut reprehenderit aut est ad.', 'At error voluptatem eveniet illo similique. Dignissimos modi nihil illo et quod omnis aut.', 'Optio at soluta voluptas vero veniam omnis et laborum. Veniam pariatur quibusdam officiis nesciunt. Debitis et sit accusantium at illum quo est qui.', 45, 9, 5, 4, 2, 1558868588, 1),
(2489, 963, 'Et eos quia assumenda quas.', 'Mollitia nesciunt et voluptatem qui eum. Qui ad voluptatem quae in tempore. Dolore eius et dolores.', 'Odit fugit ut animi corrupti vel. Deserunt ducimus dolorem corporis consequuntur.', 'Dolor quasi incidunt exercitationem praesentium commodi dolores exercitationem. Enim occaecati quibusdam voluptate dolorem.', 52, 32, 5, 3, 4, 1558868588, 1),
(2490, 963, 'Vitae rem et est est.', 'Aspernatur ducimus sed recusandae odit qui nostrum. Ut aperiam odit aliquid velit eum.', 'Rerum excepturi unde voluptatem sit blanditiis. Ad excepturi tenetur illo et eos rerum.', 'Sunt sint voluptatem quis cum harum. Atque sit est et doloribus dolor iste aut tempore. Est qui odit ea vel.', 51, 30, 1, 5, 1, 1558868588, 1),
(2491, 963, 'Natus beatae ullam aut modi est et.', 'Sint voluptatum tempora sit. Error et facilis voluptas pariatur assumenda ut dolore.', 'Neque est alias aut sint. Aut illum quia et accusantium labore. Id at eius expedita vel.', 'Asperiores cupiditate ea voluptatem. Sint enim reiciendis maiores quod.', 52, 11, 1, 1, 4, 1558868588, 1),
(2492, 963, 'Officiis ut id culpa rerum.', 'Et omnis repellendus tenetur. Velit non eum dolores quo. Ut omnis dicta sunt eum omnis id.', 'Itaque voluptates in velit pariatur. Sapiente eum ipsa non voluptatem dolor omnis hic.', 'Sit sunt id explicabo nisi quo. Nemo quidem sunt facilis quibusdam laboriosam quia voluptatem vel. Ut voluptas placeat velit repellendus cumque nam.', 2, 16, 5, 5, 1, 1558868588, 1),
(2493, 963, 'Nulla fugiat eligendi eaque eligendi at.', 'Qui nihil inventore laudantium tempora et cum eum. Recusandae nulla voluptates ipsum sit.', 'Est et mollitia sequi est. Quis libero nihil aut sed cumque. Dolorem ut cum sed.', 'Pariatur expedita est consequatur aliquam aut cupiditate sint. Qui facilis fuga repellendus. Aliquam sed minus non accusamus.', 48, 1, 5, 1, 5, 1558868588, 1),
(2494, 964, 'Eius eligendi voluptas id beatae quae.', 'Nihil et magnam harum minima corporis rem. Iure et dolor omnis corrupti voluptatem sint.', 'Ut illum soluta aut odit sunt quo. Omnis et rerum enim et. Et ab officiis magni sit voluptas quia.', 'Itaque quam magni sit aut numquam consequatur. Inventore autem quisquam ipsam voluptas error.', 50, 18, 2, 5, 4, 1558868588, 1),
(2495, 964, 'Harum cum et est vel.', 'Quam aut reprehenderit sequi praesentium atque. Eaque voluptas qui nemo voluptates explicabo.', 'Nobis deserunt et inventore expedita. Corporis rerum quos et commodi voluptas ut impedit quis.', 'Omnis molestias eaque neque accusantium commodi at expedita quos. Vel repellendus officia ex. Distinctio qui natus libero odit rerum sit dolorem.', 52, 15, 4, 5, 2, 1558868588, 1),
(2496, 964, 'Laboriosam sit assumenda corrupti nisi.', 'Sunt nobis id expedita placeat dolorum. Ex dolor sapiente ut architecto vel quod.', 'Accusantium repellat quo in quaerat. Ad doloremque est eaque velit. Eveniet quas et aliquam.', 'Doloribus laudantium rem est et sed. Quae sed qui unde eaque molestias. Aut aut veritatis quae laudantium qui possimus.', 43, 20, 3, 2, 5, 1558868588, 1),
(2497, 964, 'Deserunt autem dolores dolor mollitia impedit.', 'Tempora provident rerum dolor dolore dolor similique. Maiores est maxime nostrum et id.', 'Est sint quo esse enim. Repudiandae ut impedit eaque rerum voluptatum odio soluta.', 'Cumque exercitationem illum ut. Est et aliquam eius. Est occaecati hic commodi impedit culpa fugit.', 44, 22, 5, 5, 3, 1558868588, 1),
(2498, 964, 'Est nihil est cupiditate consectetur quibusdam.', 'Inventore dolor qui maiores eos. Esse ullam quam unde non aut dicta.', 'Eos a voluptatibus quaerat est ut occaecati facilis dicta. Harum mollitia impedit quidem cumque.', 'Qui dolor at inventore sed perspiciatis dolores. Nobis provident beatae impedit ex.', 52, 21, 1, 3, 4, 1558868588, 1),
(2499, 964, 'Omnis nam quos tenetur quidem ratione.', 'Id molestiae amet ex dignissimos et a est. Id qui est explicabo dignissimos optio inventore est.', 'Possimus maxime qui eos tempore sunt ratione quo quidem. Est omnis et quas et ut nulla.', 'Cupiditate sint eligendi expedita voluptatem. Ratione nisi numquam ut ipsa nobis ut dolore optio. Qui in natus non quae.', 47, 27, 4, 4, 3, 1558868588, 1),
(2500, 964, 'Iusto expedita commodi in voluptas.', 'Vel doloremque amet totam facilis eius rerum. Dolores dolor quaerat numquam atque.', 'Voluptas in quisquam quia magnam consequuntur. Provident molestias sit facilis et sed.', 'Quod nemo ea sunt illum repellat. Id voluptatem repellendus voluptatem est. Voluptatem non qui repellat libero.', 46, 21, 1, 1, 3, 1558868588, 1),
(2501, 964, 'Similique labore aut molestiae.', 'Dolor est ut iste. Cumque et et sunt iste et. Itaque omnis voluptatibus est excepturi.', 'Omnis cumque animi sequi velit iure natus. Quo et fugit sit ut sunt ipsa.', 'Doloribus eius animi voluptas laboriosam. Iste aliquam et odio nulla molestias et. Qui temporibus voluptas ad necessitatibus.', 52, 20, 4, 3, 3, 1558868588, 1),
(2502, 965, 'Totam quia est non est voluptatum.', 'Ut itaque ut sequi. Architecto enim amet aperiam omnis aliquam. Et quo excepturi dignissimos unde.', 'Id et quam beatae. Ipsum cum id distinctio debitis eos.', 'Omnis et dolorem non velit. Corrupti nesciunt dolore optio voluptate consequatur illo. Labore blanditiis eveniet laudantium totam occaecati.', 45, 3, 5, 1, 5, 1558868588, 1),
(2503, 965, 'Eaque veritatis voluptatem doloribus animi.', 'Voluptatibus ab perferendis temporibus aliquam. Fuga non iusto in. Quia in qui sint.', 'Est exercitationem enim iure qui. Cumque similique sint laborum.', 'Reiciendis tempore ipsam perspiciatis nemo. Eum et molestiae necessitatibus eaque. Totam et quas nihil reiciendis. Magni sed odit quidem dolor.', 51, 13, 3, 2, 3, 1558868589, 1),
(2504, 965, 'Voluptatem itaque quae earum corrupti.', 'Placeat ut doloribus a dolorem aut. Fugit incidunt omnis ut rerum.', 'Dolor tempore nemo incidunt. Voluptate quia laborum quia minus est.', 'Nihil hic asperiores libero illo hic molestias. Autem ullam quae porro alias consectetur. Iure impedit omnis est consequuntur laborum.', 45, 5, 3, 4, 5, 1558868589, 1),
(2505, 965, 'Qui eos aut in est eum consequatur.', 'Ipsum enim et sunt eaque sequi. Architecto consequuntur quia illum aut animi.', 'Aut alias deleniti aut facilis. Recusandae accusantium et quae eos.', 'Voluptates blanditiis magni qui non voluptatem suscipit. Et sunt quos quibusdam ratione saepe est adipisci.', 52, 1, 3, 1, 2, 1558868589, 1),
(2506, 965, 'Quis asperiores quis at placeat.', 'Et aut a et quo. Iste at eveniet fuga qui totam ipsa. Eaque iste reprehenderit et deleniti nam.', 'Numquam adipisci quas qui reiciendis est sunt nihil. Quasi minima quaerat modi.', 'Qui qui omnis ea officiis. Architecto ducimus numquam ut magni ratione. Assumenda eos aut laboriosam illum quisquam dolores at rerum.', 51, 1, 5, 5, 5, 1558868589, 1),
(2507, 965, 'Qui est vero soluta asperiores.', 'Consequatur dolorum delectus ipsum. Laborum voluptates consequatur labore quam non dicta occaecati.', 'Praesentium soluta sit repellat ad porro. Debitis architecto sunt et nemo blanditiis qui aut.', 'Et qui animi ad repellat et. Perferendis quis optio similique dicta molestiae ea. Eligendi quis ratione in quam debitis ut.', 1, 28, 4, 1, 4, 1558868589, 1),
(2508, 965, 'Maxime eaque quo iure nisi.', 'Excepturi rem omnis eos explicabo iusto impedit eius vel. Aliquam ut dolores velit sequi non.', 'Ut accusantium nam voluptatem ratione nostrum. Nihil quidem ipsam excepturi ut eaque ratione.', 'Nobis velit saepe sed amet. Temporibus exercitationem facilis tempora quia harum nesciunt mollitia. Adipisci et dolor iste dolores.', 44, 19, 1, 3, 5, 1558868589, 1),
(2509, 965, 'Et quia nam tenetur et blanditiis veniam.', 'Animi aut officia incidunt rerum. Tempore ratione labore et. Voluptas ipsum qui odio sint.', 'Commodi error et asperiores. Excepturi qui numquam repellendus.', 'Tenetur voluptatem doloremque rerum numquam quos. Vero velit dicta et. Eveniet non eius est maiores inventore. Quia est illum alias.', 50, 5, 4, 3, 1, 1558868589, 1),
(2510, 965, 'Molestiae et deserunt fugit eveniet.', 'Ut quasi aut illum. Labore perspiciatis distinctio dolorum optio voluptatem sunt.', 'Nam atque ipsam omnis consequatur. Impedit cumque eum debitis at.', 'Fuga quia voluptas magnam voluptatem in veritatis. Architecto soluta vero et dignissimos earum doloribus eum. At veniam dolorum perferendis magnam.', 2, 4, 4, 4, 4, 1558868589, 1),
(2511, 966, 'Eos ducimus ut deserunt laborum minima.', 'Distinctio in qui et et illum velit quis est. Aut quis accusantium sed.', 'Eum distinctio dolorum atque eos. Dolores sunt eos maxime qui non architecto.', 'Debitis facilis praesentium eum nihil sit. Nihil qui aspernatur et laudantium repellendus sed. Labore cumque amet omnis nulla in.', 49, 12, 5, 1, 2, 1558868589, 1),
(2512, 967, 'Provident culpa et explicabo est accusantium.', 'Nihil voluptatibus exercitationem et saepe. Sunt aliquid totam dolores voluptatem quia libero.', 'Nobis dolor eum aspernatur. Tempora atque omnis cumque. Deserunt dolorem doloremque quos.', 'Tempora autem corporis excepturi. Officiis illo ea et atque eligendi autem quas quae. Aut incidunt deleniti tenetur blanditiis sunt.', 48, 7, 5, 2, 3, 1558868589, 1),
(2513, 967, 'Et dolorem qui sapiente illo aut.', 'Voluptatem aut ex autem recusandae. Voluptatum quibusdam laudantium saepe ea rerum voluptatum.', 'Voluptas et porro veritatis asperiores eaque impedit. Consectetur rerum et enim temporibus.', 'Quae ab qui in. Et et nostrum velit. Animi aut ea recusandae dolorem. Cum facere repellendus mollitia ut recusandae rerum minus harum.', 1, 13, 3, 3, 2, 1558868589, 1),
(2514, 967, 'Doloribus non voluptatem eum.', 'Illum odio quia animi ut. Illo aut aperiam ipsa autem. Et doloremque adipisci ab velit.', 'Dolor temporibus repellendus maxime debitis est est. Voluptas assumenda eos ea ipsa sunt tempore.', 'Minima autem non facere atque dolor eligendi. Qui aut aut quia voluptate voluptas quidem.', 48, 33, 4, 5, 3, 1558868589, 1),
(2515, 968, 'Rem nihil reprehenderit animi non consequatur.', 'Repellendus omnis a quia maiores. Quibusdam eos nemo facere dignissimos dolore voluptatum delectus.', 'Libero eos ea natus culpa molestias. Natus voluptatem blanditiis hic aliquam.', 'Rem in at ea omnis. Amet sed quia est sit dolore ipsa.', 50, 19, 3, 2, 4, 1558868589, 1),
(2516, 968, 'Ut illum iusto dicta mollitia.', 'Sit quaerat ipsam nisi voluptatem. Debitis veritatis est tenetur repellendus unde cumque.', 'Assumenda in est blanditiis et porro quod. Rerum officia eum quas est alias ipsam harum alias.', 'Magni iure quidem at aut dolorem. Non deleniti officia enim similique. Repellendus voluptatem eum neque et qui quia.', 48, 28, 1, 3, 2, 1558868589, 1),
(2517, 968, 'Error vel qui facere reiciendis.', 'Iusto id velit quidem est possimus. Reprehenderit ducimus saepe est aut.', 'Ducimus quam velit eum commodi et consequatur. Quis aut quidem id. Reprehenderit et et repellendus.', 'Labore ut molestias tempore est. Doloremque sint qui eum est accusamus aperiam at. Nihil saepe animi incidunt laboriosam.', 45, 13, 5, 1, 3, 1558868589, 1),
(2518, 968, 'Repellat voluptas est tenetur ut deleniti aut.', 'Consequuntur delectus error maiores saepe mollitia possimus ut. Quas quis est nihil repellendus.', 'Repellat sed ut magni cum voluptatum. Et est temporibus porro voluptate et fuga.', 'Molestias nobis eos odit omnis velit et repellendus. Incidunt autem omnis libero quia sunt voluptatibus. Totam maxime et aperiam sed.', 45, 2, 3, 1, 5, 1558868589, 1),
(2519, 969, 'Quibusdam vel sit repudiandae adipisci vel.', 'Ad magni ea reiciendis est. Cupiditate necessitatibus dolorem et. Rerum velit eos omnis qui.', 'Et et atque consequatur. Deserunt aut sapiente voluptas temporibus. Animi sed eaque debitis.', 'Aspernatur mollitia et iste voluptates. Magnam et voluptatum impedit sed necessitatibus. Voluptas fugiat quia ad. Debitis ut omnis sunt.', 44, 32, 2, 5, 4, 1558868589, 1),
(2520, 969, 'Enim ut animi harum vitae omnis quis repudiandae.', 'Natus doloribus consequuntur pariatur. Quidem vel et ut cum delectus id. Earum aut veniam enim.', 'Voluptates in omnis non reprehenderit sit et aut. Est in corporis earum.', 'Nemo facilis aut cumque dolorem nisi. Aut deserunt perspiciatis aliquam odio aut veritatis. Sunt id exercitationem ea dolores assumenda.', 50, 3, 3, 1, 4, 1558868589, 1),
(2521, 970, 'Consequatur consequuntur porro omnis ut et.', 'Ut at adipisci quis. Qui soluta dolor magni.', 'Qui qui accusamus vitae aut velit possimus repudiandae. Hic ab laudantium ut aut alias qui.', 'Et reiciendis qui eum et vitae. Et tenetur nisi dolor expedita quo. Nisi dolor quibusdam in in.', 50, 21, 1, 2, 3, 1558868589, 1),
(2522, 970, 'Harum qui ea aliquid voluptate.', 'Non et eum ut odit. Fuga eaque et qui exercitationem sit inventore vel. Ad voluptatum ea quia.', 'Ut ex rerum est repellendus nihil commodi. Sunt consequatur omnis voluptatem aut molestias saepe.', 'A quia sit nobis molestiae. Omnis inventore qui est illo qui rem sunt. Dolores quia dolor corporis similique.', 43, 15, 4, 2, 1, 1558868589, 1),
(2523, 970, 'Et error labore dicta mollitia odio.', 'Id quidem et quia rerum placeat quibusdam. Recusandae vel et nesciunt eum.', 'Dolorum eveniet dolorem sint delectus a ratione qui. Nam quia error et animi.', 'Rem esse accusamus laboriosam amet illo et quo. Aut aut alias autem magnam veritatis atque fugit rerum. Qui a repellat excepturi pariatur.', 45, 32, 2, 5, 4, 1558868589, 1);

-- --------------------------------------------------------

--
-- Структура таблицы `user`
--

CREATE TABLE `user` (
  `id` int(11) NOT NULL,
  `username` varchar(255) COLLATE utf8_unicode_ci NOT NULL,
  `auth_key` varchar(32) COLLATE utf8_unicode_ci NOT NULL,
  `password_hash` varchar(255) COLLATE utf8_unicode_ci NOT NULL,
  `password_reset_token` varchar(255) COLLATE utf8_unicode_ci DEFAULT NULL,
  `email` varchar(255) COLLATE utf8_unicode_ci NOT NULL,
  `status` smallint(6) NOT NULL DEFAULT '10',
  `created_at` int(11) NOT NULL,
  `updated_at` int(11) NOT NULL,
  `verification_token` varchar(255) COLLATE utf8_unicode_ci DEFAULT NULL
) ENGINE=InnoDB DEFAULT CHARSET=utf8 COLLATE=utf8_unicode_ci;

--
-- Дамп данных таблицы `user`
--

INSERT INTO `user` (`id`, `username`, `auth_key`, `password_hash`, `password_reset_token`, `email`, `status`, `created_at`, `updated_at`, `verification_token`) VALUES
(1, 'viktor', '', '$2y$13$dwDgrsO/WqXTLRKV/OK7huzkr4RvbvKeNzTibMK3JvRMTibMhKwWW', NULL, 'an.viktory@gmail.com', 10, 1558845745, 1558845745, NULL),
(2, 'viktor_developer', '1djZMhjx4B6DoZ_2ykxy4kCpQC2f0K1y', '$2y$13$/F2F36W2Db3.8HQ7K/GqQegM0WG3xOfR6TyUGq6N7goRWpkIj9t5G', NULL, 'viktorgreamer@gmail.com', 10, 1558846835, 1558846835, 'EY9pwMO4WusjAX9gwRYztabfS_41iP5G_1558846835'),
(43, 'vkris', '', '$2y$13$/TeO8u1utPEOKkPOQCIBeOZX4rdOtLDdhLVpbm0ST6GodqTmohzbS', NULL, 'flebsack@turner.com', 10, 1558853605, 1558853605, NULL),
(44, 'loberbrunner', '', '$2y$13$H3pTBG0qJJNavhhoMsbycuAanrgha3UnXBpv.BNgCJF45K8X5zYlq', NULL, 'johnathan06@pollich.com', 10, 1558853606, 1558853606, NULL),
(45, 'madyson36', '', '$2y$13$D5dMHPpc9qjIluRwP6RR5OYOhZttQmx37ulLZsggOgFAbNS1Ccw3G', NULL, 'stanton06@stoltenberg.com', 10, 1558853607, 1558853607, NULL),
(46, 'vwelch', '', '$2y$13$6PkzJZ5kFMWAp3ThKECOfOd72qA/FlfHGsiUQpOoXQ.TsV6PW3kk6', NULL, 'rozella79@yahoo.com', 10, 1558853608, 1558853608, NULL),
(47, 'amiller', '', '$2y$13$wFp3iWWECcGQiQMv/aT3qOb7msfU600iX2R6l7OSKdiWuuXUkJ2ia', NULL, 'clement26@gmail.com', 10, 1558853608, 1558853608, NULL),
(48, 'zoey.gorczany', '', '$2y$13$aPRfpv79pNaZgK826Yi1jO2tpcwRKn2y0zzV0DFX77U3Lan0worhC', NULL, 'bcollier@bahringer.com', 10, 1558853609, 1558853609, NULL),
(49, 'abshire.gwen', '', '$2y$13$SaEqy8.fUAIhkPEuTvHLNeGdyfV9o4j1cZueFOI1RNtMqG.E80C6a', NULL, 'urussel@yahoo.com', 10, 1558853610, 1558853610, NULL),
(50, 'glenna.grimes', '', '$2y$13$fFtvvo1SCH5/v/Wts0W4B.SGe71K4QNz55VB2SwUBrgzwyg6DrbBm', NULL, 'forrest.willms@dach.info', 10, 1558853611, 1558853611, NULL),
(51, 'gay.rolfson', '', '$2y$13$3JORwDayn7j2JycrDspocOhaouek7865GQUI4/rqsDi0IWpOkwhDK', NULL, 'schowalter.stewart@yahoo.com', 10, 1558853612, 1558853612, NULL),
(52, 'arosenbaum', '', '$2y$13$Y3sHJtiUlu6ifeH/gS0w3OWgSMcjKyOXH4ApM/Tu2qujqWYhNf7fO', NULL, 'beer.felicity@hotmail.com', 10, 1558853613, 1558853613, NULL);

--
-- Индексы сохранённых таблиц
--

--
-- Индексы таблицы `auth_assignment`
--
ALTER TABLE `auth_assignment`
  ADD PRIMARY KEY (`item_name`,`user_id`),
  ADD KEY `idx-auth_assignment-user_id` (`user_id`);

--
-- Индексы таблицы `auth_item`
--
ALTER TABLE `auth_item`
  ADD PRIMARY KEY (`name`),
  ADD KEY `rule_name` (`rule_name`),
  ADD KEY `idx-auth_item-type` (`type`);

--
-- Индексы таблицы `auth_item_child`
--
ALTER TABLE `auth_item_child`
  ADD PRIMARY KEY (`parent`,`child`),
  ADD KEY `child` (`child`);

--
-- Индексы таблицы `auth_rule`
--
ALTER TABLE `auth_rule`
  ADD PRIMARY KEY (`name`);

--
-- Индексы таблицы `categories`
--
ALTER TABLE `categories`
  ADD PRIMARY KEY (`id`),
  ADD KEY `idx-category_id` (`id`);

--
-- Индексы таблицы `developers`
--
ALTER TABLE `developers`
  ADD PRIMARY KEY (`id`),
  ADD KEY `idx-developer_id` (`id`);

--
-- Индексы таблицы `developers_awards_images`
--
ALTER TABLE `developers_awards_images`
  ADD KEY `fk-developer_id` (`developer_id`);

--
-- Индексы таблицы `functions`
--
ALTER TABLE `functions`
  ADD PRIMARY KEY (`id`),
  ADD KEY `idx-function_id` (`id`);

--
-- Индексы таблицы `functions_assignment`
--
ALTER TABLE `functions_assignment`
  ADD UNIQUE KEY `idx-program_id-function_id` (`program_id`,`function_id`),
  ADD KEY `idx-assignment_function_id` (`function_id`),
  ADD KEY `idx-function_program_id` (`program_id`);

--
-- Индексы таблицы `migration`
--
ALTER TABLE `migration`
  ADD PRIMARY KEY (`version`);

--
-- Индексы таблицы `platforms`
--
ALTER TABLE `platforms`
  ADD PRIMARY KEY (`id`),
  ADD KEY `idx-platform_id` (`id`);

--
-- Индексы таблицы `platforms_assignment`
--
ALTER TABLE `platforms_assignment`
  ADD UNIQUE KEY `idx-program_id-platform_id` (`program_id`,`platform_id`),
  ADD KEY `fk-id-platform_id` (`platform_id`);

--
-- Индексы таблицы `programs`
--
ALTER TABLE `programs`
  ADD PRIMARY KEY (`id`),
  ADD KEY `idx-program_id` (`id`),
  ADD KEY `fk-id-program_id` (`developer_id`),
  ADD KEY `idx-category_id` (`category_id`);

--
-- Индексы таблицы `programs_images`
--
ALTER TABLE `programs_images`
  ADD PRIMARY KEY (`program_id`),
  ADD KEY `idx-images_program_id` (`program_id`);

--
-- Индексы таблицы `reviews`
--
ALTER TABLE `reviews`
  ADD PRIMARY KEY (`id`),
  ADD KEY `idx-review_id` (`id`),
  ADD KEY `fk-id-program_id-reviews` (`program_id`);

--
-- Индексы таблицы `user`
--
ALTER TABLE `user`
  ADD PRIMARY KEY (`id`),
  ADD UNIQUE KEY `username` (`username`),
  ADD UNIQUE KEY `email` (`email`),
  ADD UNIQUE KEY `password_reset_token` (`password_reset_token`);

--
-- AUTO_INCREMENT для сохранённых таблиц
--

--
-- AUTO_INCREMENT для таблицы `categories`
--
ALTER TABLE `categories`
  MODIFY `id` int(5) NOT NULL AUTO_INCREMENT, AUTO_INCREMENT=153;

--
-- AUTO_INCREMENT для таблицы `developers`
--
ALTER TABLE `developers`
  MODIFY `id` int(6) NOT NULL AUTO_INCREMENT, AUTO_INCREMENT=1313;

--
-- AUTO_INCREMENT для таблицы `functions`
--
ALTER TABLE `functions`
  MODIFY `id` int(3) NOT NULL AUTO_INCREMENT, AUTO_INCREMENT=11;

--
-- AUTO_INCREMENT для таблицы `platforms`
--
ALTER TABLE `platforms`
  MODIFY `id` int(2) NOT NULL AUTO_INCREMENT, AUTO_INCREMENT=22;

--
-- AUTO_INCREMENT для таблицы `programs`
--
ALTER TABLE `programs`
  MODIFY `id` int(7) NOT NULL AUTO_INCREMENT, AUTO_INCREMENT=976;

--
-- AUTO_INCREMENT для таблицы `programs_images`
--
ALTER TABLE `programs_images`
  MODIFY `program_id` int(6) NOT NULL AUTO_INCREMENT;

--
-- AUTO_INCREMENT для таблицы `reviews`
--
ALTER TABLE `reviews`
  MODIFY `id` int(11) NOT NULL AUTO_INCREMENT, AUTO_INCREMENT=2524;

--
-- AUTO_INCREMENT для таблицы `user`
--
ALTER TABLE `user`
  MODIFY `id` int(11) NOT NULL AUTO_INCREMENT, AUTO_INCREMENT=53;

--
-- Ограничения внешнего ключа сохраненных таблиц
--

--
-- Ограничения внешнего ключа таблицы `auth_assignment`
--
ALTER TABLE `auth_assignment`
  ADD CONSTRAINT `auth_assignment_ibfk_1` FOREIGN KEY (`item_name`) REFERENCES `auth_item` (`name`) ON DELETE CASCADE ON UPDATE CASCADE;

--
-- Ограничения внешнего ключа таблицы `auth_item`
--
ALTER TABLE `auth_item`
  ADD CONSTRAINT `auth_item_ibfk_1` FOREIGN KEY (`rule_name`) REFERENCES `auth_rule` (`name`) ON DELETE SET NULL ON UPDATE CASCADE;

--
-- Ограничения внешнего ключа таблицы `auth_item_child`
--
ALTER TABLE `auth_item_child`
  ADD CONSTRAINT `auth_item_child_ibfk_1` FOREIGN KEY (`parent`) REFERENCES `auth_item` (`name`) ON DELETE CASCADE ON UPDATE CASCADE,
  ADD CONSTRAINT `auth_item_child_ibfk_2` FOREIGN KEY (`child`) REFERENCES `auth_item` (`name`) ON DELETE CASCADE ON UPDATE CASCADE;

--
-- Ограничения внешнего ключа таблицы `developers_awards_images`
--
ALTER TABLE `developers_awards_images`
  ADD CONSTRAINT `fk-developer_id` FOREIGN KEY (`developer_id`) REFERENCES `developers` (`id`) ON DELETE CASCADE;

--
-- Ограничения внешнего ключа таблицы `functions_assignment`
--
ALTER TABLE `functions_assignment`
  ADD CONSTRAINT `fk-id-function_id` FOREIGN KEY (`function_id`) REFERENCES `functions` (`id`) ON DELETE CASCADE,
  ADD CONSTRAINT `fk-id-program_id-functions` FOREIGN KEY (`program_id`) REFERENCES `programs` (`id`) ON DELETE CASCADE;

--
-- Ограничения внешнего ключа таблицы `platforms_assignment`
--
ALTER TABLE `platforms_assignment`
  ADD CONSTRAINT `fk-id-platform_id` FOREIGN KEY (`platform_id`) REFERENCES `platforms` (`id`) ON DELETE CASCADE,
  ADD CONSTRAINT `fk-id-program_id-platforms` FOREIGN KEY (`program_id`) REFERENCES `programs` (`id`) ON DELETE CASCADE;

--
-- Ограничения внешнего ключа таблицы `programs`
--
ALTER TABLE `programs`
  ADD CONSTRAINT `fk-id-category_id` FOREIGN KEY (`category_id`) REFERENCES `categories` (`id`) ON DELETE CASCADE,
  ADD CONSTRAINT `fk-id-program_id` FOREIGN KEY (`developer_id`) REFERENCES `developers` (`id`) ON DELETE CASCADE;

--
-- Ограничения внешнего ключа таблицы `programs_images`
--
ALTER TABLE `programs_images`
  ADD CONSTRAINT `fk-id-program_id-images` FOREIGN KEY (`program_id`) REFERENCES `programs` (`id`) ON DELETE CASCADE;

--
-- Ограничения внешнего ключа таблицы `reviews`
--
ALTER TABLE `reviews`
  ADD CONSTRAINT `fk-id-program_id-reviews` FOREIGN KEY (`program_id`) REFERENCES `programs` (`id`) ON DELETE CASCADE;
COMMIT;

/*!40101 SET CHARACTER_SET_CLIENT=@OLD_CHARACTER_SET_CLIENT */;
/*!40101 SET CHARACTER_SET_RESULTS=@OLD_CHARACTER_SET_RESULTS */;
/*!40101 SET COLLATION_CONNECTION=@OLD_COLLATION_CONNECTION */;
